Anhumas,SP,Post,2022-09-17 11:00:17,municipiodeanhumas,"No mÃªs de setembro os alunos da EMEI Professor JosÃ© Ede Duela estiveram na cidade da crianÃ§a. 
A aÃ§Ã£o educativa visa contribuir com a formaÃ§Ã£o de cidadÃ£os conscientes da preservaÃ§Ã£o do Meio Ambiente e a promoÃ§Ã£o de experiÃªncias  fundamentais que incentivem a curiosidade, o encantamento, o questionamento, a indagaÃ§Ã£o e o conhecimento para valorizar e respeitar a natureza.
Fotos: cedidas
Texto: EMEI

 #anhumas #anhumassp #municipio #presidenteprudente #prefeitura #cidadedacrianÃ§a #emei",,47
Anhumas,SP,Comentario,2022-09-17 12:32:17,ver.camila.silva,,ParabÃ©ns que delÃ­cia !!,
Anhumas,SP,Post,2022-09-17 04:17:38,municipiodeanhumas,"Participe da Maior Feira de Empreendedorismo do Mundo!
A FEIRA DO EMPREENDEDOR DO SEBRAE!
O Sebrae â€“ EscritÃ³rio Regional de Presidente Prudente promoverÃ¡ uma Caravana Empresarial para o maior evento de empreendedorismo do mundo, que vai reunir mais de 500 expositores e cerca de 120 mil visitantes no SÃ£o Paulo Expo.
A Caravana Ã© totalmente gratuita, porÃ©m as vagas sÃ£o limitadas!!!
Sairemos no dia 08/10/2022 no perÃ­odo noturno, para passarmos o dia 09/10/2022 (domingo) em SÃ£o Paulo. 
Se vocÃª Ã© empreendedor ou estÃ¡ planejando empreender, nÃ£o perca esta oportunidade. 
_FaÃ§a a sua inscriÃ§Ã£o atravÃ©s do telefone: (18) 99818-9079

 #anhumassp #anhumas #municipio #prefeitura #municipiodeanhumas #Sebrae #sebraesp",,4
Anhumas,SP,Post,2022-09-17 02:48:29,municipiodeanhumas,"BOLETIM DENGUE
Confira o Boletim da Dengue atualizado.
Vamos todos fazer a nossa parte!!!

#anhumas
#anhumascontraadengue
#denguemata
#boletimdengue
#dengue
#prefeitura",,1
Anhumas,SP,Post,2022-09-17 02:46:38,municipiodeanhumas,"BOLETIM EPIDEMIOLÃ“GICO - COVID-19
Continuamos com os protocolos contra a Covid-19, pois a pandemia ainda nÃ£o acabou.
Confira o Boletim atualizado.
Continue usando mÃ¡scara, Ã¡lcool gel e mantendo o distanciamento social.
Para departamentos, como Ã¡rea de saÃºde, o uso da mascara ainda se faz obrigatÃ³rio.

#anhumascontracovid
#usemascara
#distanciamentosocial
#BoletimCovid19
#anhumassp
#anhumas",,2
Anhumas,SP,Post,2022-09-14 21:00:14,municipiodeanhumas,"Tossindo a mais de 2 semanas??
Pode ser Tuberculose.

Procure a UBS mais proxima.
Tuberculose tem cura e o tratamento Ã© gratuito.

 #anhumas #anhumassp #municipio #municipiodeanhumas #prefeitura #saude #tuberculose #tuberculosetemcura #ubs",,5
Anhumas,SP,Post,2022-09-14 19:05:54,municipiodeanhumas,"A reforma do GinÃ¡sio Municipal de Esportes Alberto Pelizzari esta a todo vapor.
Acompanhem!!!

 #anhumassp #anhumas #municipio #reforma #anhumasemobra #ginasio #giansiodeesportes",,105
Anhumas,SP,Comentario,2022-09-14 19:12:21,barossituche,,Show ğŸ™ŒğŸ™ŒğŸ™Œ,
Anhumas,SP,Comentario,2022-09-14 19:22:15,hebertceleste2,,O pai tÃ¡ on,
Anhumas,SP,Comentario,2022-09-14 19:34:59,juliananascimento0911,,Quadra de milhÃµes... TooopppğŸ”¥ğŸ‘,
Anhumas,SP,Comentario,2022-09-15 00:29:58,alexjoicecamargo_,,Toop demais ğŸ˜,
Anhumas,SP,Comentario,2022-09-15 11:38:43,meupequenobabyekids,,Uau...que toooop,
Anhumas,SP,Post,2022-09-12 10:45:08,municipiodeanhumas,"ATENÃ‡ÃƒO
Campanha de atualizaÃ§Ã£o do CADASTRO ÃšNICO 
e continue tendo acesso aos benefÃ­cios.

BRINDE: somente para as primeiras 80 famÃ­lias que atualizarem o cadastro.

De 12 a 26 de Setembro
Setor de Cadastro Ãšnico, no CRAS de Anhumas
2Âª a 6Âª feira, horÃ¡rio comercial",,19
Anhumas,SP,Post,2022-09-11 15:43:21,municipiodeanhumas,"Finalizando as atividades da ""IndependÃªncia do Brasil"", os alunos e professores da EMEF Adhemar Palmiro realizaram diversas atividades que resultaram no ""Culto CÃ­vico da Semana da PÃ¡tria"", as atividades variaram ente teatro, teatro de leitores, apresentaÃ§Ã£o de poemas, mÃºsica, maquete coletiva com a explicaÃ§Ã£o dos fatos histÃ³ricos, o que significa a pÃ¡tria e os significados das cores da bandeira. O objetivo maior das atividades foi o resgate ao momento cÃ­vico e sua importÃ¢ncia na nossa histÃ³ria.
Fotos: cedidas
Texto: EMEF

#anhumassp #municipio #anhumas #7desetembro #diadaindependÃªncia #Independencia #educacao #prefeitura #municipiodeanhumas",,42
Anhumas,SP,Comentario,2022-09-11 15:47:35,fernanda.caetano.942,,@ivanimilano @thamirxs @silvanamartinssseixas @caroline_gardin1 @nayaraandre_alcantara@dani_batistela,
Anhumas,SP,Comentario,2022-09-11 15:53:08,nidesp,,ğŸ‘ğŸ‘ğŸ‘ğŸ‘ğŸ‘ğŸ‘ğŸ‘,
Anhumas,SP,Comentario,2022-09-11 17:41:55,ivanimilano,,Tudo perfeito ğŸ‘ğŸ‘ğŸ‘,
Anhumas,SP,Post,2022-09-11 14:53:07,municipiodeanhumas,"Informativo:
A partir de 12/09 nosso GinÃ¡sio Municipal de Esportes Alberto Pelizzari, passarÃ¡ por uma reforma no piso interno. Nesse perÃ­odo as atividades serÃ£o na Quadra da PraÃ§a Poliesportiva.

#anhumas #anhumassp #anhumasemreforma",,15
Anhumas,SP,Post,2022-09-07 12:04:54,municipiodeanhumas,"Dia da IndependÃªncia !!
A data comemora a DeclaraÃ§Ã£o de IndependÃªncia do Brasil do ImpÃ©rio PortuguÃªs no dia 7 de setembro de 1822.

 #anhumas #anhumassp #municipio #7desetembro #Independencia #diadaindependÃªncia",,23
Anhumas,SP,Post,2022-09-07 01:18:56,municipiodeanhumas,"No mÃªs de agosto os alunos da EMEI Prof JosÃ© Ede Duela realizaram diversas atividades envolvendo a leitura. As professoras trabalharam de acordo com a proposta pedagÃ³gica a artista Tarsila do Amaral.
As crianÃ§as fizeram pinturas, desenhos, conheceram vÃ¡rias obras da artista e reproduziram atravÃ©s de fotos um de seus quadros mais famosos: O vendedor de frutas. Como encerramento as crianÃ§as plantaram um pÃ© de ManacÃ¡, Ã¡rvore essa que foi pintada pela artista.
Foi realmente momento de grande aprendizagem.
Fotos cedidas

 #anhumassp #anhumas #municipio #educacao #emei #tarsiladoamaral #arte",,38
Anhumas,SP,Post,2022-09-01 21:57:55,municipiodeanhumas,"Ato de HeroÃ­smo
O ato de heroÃ­smo do Cabo PM OdÃ©cio Marrafon, foi digno de reconhecimento e homenagem na manhÃ£ de ontem, prestados pela Tenente-Coronel PM Renata Fassina, Comandante do 18Â° BatalhÃ£o de PolÃ­cia Militar do Interior responsÃ¡vel pelo policiamento da regiÃ£o de Presidente Prudente. O Policial foi recebido na sede do Comando de Policiamento do Interior (CPI-8) para um momento de valorizaÃ§Ã£o pelo salvamento de um bebÃª de apenas 40 dias, que havia se engasgado na cidade de Anhumas. 
Para a Tenente-Coronel Fassina, a postura dos policiais deve ser enaltecida e valorizada, para que sirva de inspiraÃ§Ã£o e exemplo para toda tropa, e para que a sociedade tenha conhecimento do que o policial militar enfrenta no seu dia a dia profissional. â€œNÃ£o existe algo mais gratificante do que fazer a diferenÃ§a na vida de alguÃ©m. Aquela crianÃ§a vai crescer e a histÃ³ria serÃ¡ contada a elaâ€, diz. 
O Prefeito Municipal de Anhumas, Adailton CÃ©sar Menossi, tambÃ©m esteve presente na solenidade e comenta que aÃ§Ãµes dessa natureza sÃ£o extremamente importantes para reconhecer e valorizar as boas e nobres aÃ§Ãµes dos Policias Militares.
Texto: MÃ¢nia Pires
Fotos cedida

 #municipio #anhumas #anhumassp #prudente #prudenteeregiao #presidenteprudente #prefeitura #heroi #policiamilitar #pmsp",,152
Anhumas,SP,Comentario,2022-09-01 23:35:28,raquel_ricci,,ParabÃ©ns!!!!,
Anhumas,SP,Comentario,2022-09-01 23:56:07,marciamarrafao,,ğŸ™ŒğŸ™ŒğŸ™Œ,
Anhumas,SP,Comentario,2022-09-02 00:10:11,_lcaldeira,,ğŸ‘ğŸ™ğŸ¼,
Anhumas,SP,Comentario,2022-09-02 13:09:17,vanessa_vieira_vvc,,ParabÃ©ns!,
Anhumas,SP,Comentario,2022-09-02 15:32:02,brpb98,,ğŸ‘,
Anhumas,SP,Comentario,2022-09-02 16:07:44,marcileneliberator,,ğŸ‘ğŸ‘ğŸ‘ğŸ»ğŸ‘,
Anhumas,SP,Post,2022-09-01 21:50:45,municipiodeanhumas,"1Âº de Setembro, dia do Educador FÃ­sico.

ParabÃ©ns equipe Anhumas.

#anhumas #anhumassp #educadorfisico",,15
Anhumas,SP,Post,2022-08-30 18:43:05,municipiodeanhumas,"Agora sim!!! Anhumas estÃ¡ inserida no Mapa do Turismo Brasileiro por meio do Programa de RegionalizaÃ§Ã£o TurÃ­stica e dos interlocutores Estaduais do PRT

 #anhumassp #anhumas #100anos #prudenteeregiao #pontalpaulista #mapadoturismobrasileiro #turismoregional #municipiodeanhumas #maisumaconquista #trabalhoededicaÃ§Ã£o",,44
Anhumas,SP,Comentario,2022-08-30 18:58:38,pesquepagueanhumas,,ğŸ‘ğŸ‘ğŸ‘ğŸ‘ğŸ‘ğŸ‘acompanhei o processo sei que nÃ£o foi fÃ¡cil ...portanto o merecimento estÃ¡ aÃ­...ğŸ‘ğŸ‘ğŸ‘ğŸ‘ğŸ‘,
Anhumas,SP,Comentario,2022-08-31 00:09:12,geraldoedipec,,"ParabÃ©ns pelo trabalho, com muita certeza vai vir  mais resultados positivo",
Anhumas,SP,Post,2022-08-30 13:47:34,municipiodeanhumas,"Curso de Escabeche de Abobrinha, realizado pela Assessoria de Cultura e Turismo. Mais um alternativa de alavancar a renda familiar, e uma opÃ§Ã£o barata de produto da nossa regiÃ£o. 

 #anhumassp #anhumas #municipio #100anos #CentenÃ¡rio #prefeitura #centenariodeanhumas #Cultura #abobrinha #escabechedelegumes #escabeche #abobrinhamenina #curso",,32
Anhumas,SP,Post,2022-08-28 11:20:13,municipiodeanhumas,"E fechando o mÃªs de agosto com as comemoraÃ§Ãµes do CentenÃ¡rio, tivemos o Culto em GratidÃ£o na 1Âº Igreja Batista com o Pastor Marcos.

#anhumassp #anhumas #municipio #100anos #prefeitura #CentenÃ¡rio #municipiodeanhumas #celebraÃ§Ã£o #centenario #centenariodeanhumas #culto #igrejabatista #primeiraigrejabatista",,24
Anhumas,SP,Post,2022-08-28 11:00:12,municipiodeanhumas,"No inicio do mÃªs, tivemos a CelebraÃ§Ã£o da Missa na Paroquia Santa Luzia, em homenagem ao CentenÃ¡rio de Anhumas.

#anhumassp #anhumas #municipio #100anos #prefeitura #CentenÃ¡rio #municipiodeanhumas #celebraÃ§Ã£o #centenario #centenariodeanhumas #missa #parÃ³quia #paroquiasantaluzia",,52
Anhumas,SP,Post,2022-08-27 22:46:32,municipiodeanhumas,"Aproveitando o Agita Anhumas, a nossa equipe da VigilÃ¢ncia SanitÃ¡ria, montou um stand com orientaÃ§Ãµes sobre escorpiÃ£o, e todos puderam ver de perto e tirar duvidas da captura e prevenÃ§Ã£o. 

#anhumassp #anhumas #municipio #saude #municipiodeanhumas #prefeitura #CentenÃ¡rio #celebraÃ§Ã£o #saude #visa #escorpiao",,26
Anhumas,SP,Post,2022-08-27 22:36:43,municipiodeanhumas,"O Agita Anhumas hoje comeÃ§ou com uma caminhada e tivemos muitas atividades na PraÃ§a Poliesportiva, muita musica, e orientaÃ§Ã£o de saÃºde.

 #anhumassp #anhumas #municipio #100anos #saude #municipiodeanhumas #ginastica #academia #arlivre",,45
Anhumas,SP,Post,2022-08-26 23:36:07,municipiodeanhumas,"Agora sim, nova data!!! 
Vem ai o Festival mais esperado do ano!!

""Festival a mais Bela Voz Municipal""
Dia 01 de Outubro - SalÃ£o Ataliba

InscriÃ§Ãµes de 01 Ã  24 de Setembro, na recepÃ§Ã£o da Prefeitura de Anhumas.

 #anhumassp #anhumas #municipio #100anos #festival #musica #cantores #amaisbelavoz #centenario",,25
Anhumas,SP,Post,2022-08-26 22:24:15,municipiodeanhumas,"Informamos que por motivos de forÃ§a maior, o Festival a Mais Bela Voz, foi adiado para o mes de Outubro. Em breve mais informaÃ§Ãµes. 

 #anhumas #anhumassp #municipio #prudenteeregiao #100anos #cultura #cantores #festival #show #amaisbelavoz",,16
Anhumas,SP,Post,2022-08-25 12:00:46,municipiodeanhumas,"Que delicia essa entrega no Abrigo Lar de Jesus de Anhumas, + 5 cadeiras de rodas. 

#anhumas #municipio #anhumassp #prudenteeregiao #CentenÃ¡rio #celebraÃ§Ã£o #prefeitura #saude #centenariodeanhumas #CadeiraDeRodas #cadeiradebanho #cer #Lumen #lumenetfides #necessidadeespecial #doaÃ§Ã£o #doaÃ§Ã£o

Mais fotos no facebook: https://www.facebook.com/municipiodeanhumas",,65
Anhumas,SP,Post,2022-08-25 11:45:21,municipiodeanhumas,"Em Junho desse ano, nosso parceiro CER - Centro Especializado em ReabilitaÃ§Ã£o e a @lumen_et_fides fizeram a triagem das necessidades e medidas dos nossos MunÃ­cipes para a doaÃ§Ã£o de cadeiras de rodas e cadeiras de banho.
E agora voltaram para a entrega de 39 cadeiras de rodas personalizadas.

 #anhumas #municipio #anhumassp #prudenteeregiao #CentenÃ¡rio #celebraÃ§Ã£o #prefeitura #saude #centenariodeanhumas #CadeiraDeRodas #cadeiradebanho #cer #Lumen #lumenetfides #necessidadeespecial #doaÃ§Ã£o #doaÃ§Ã£o

Mais fotos no facebook: https://www.facebook.com/municipiodeanhumas",,83
Anhumas,SP,Comentario,2022-08-25 12:25:11,juliananascimento0911,,ğŸ‘ğŸ‘ğŸ‘ğŸ‘ğŸ‘,
Anhumas,SP,Comentario,2022-08-25 12:32:38,nidesp,,ğŸ‘ğŸ‘ğŸ‘ğŸ‘ğŸ‘,
Anhumas,SP,Comentario,2022-08-25 13:42:40,ver.camila.silva,,"ParabÃ©ns!!!
Muito feliz .Deus abenÃ§oe cada um dos envolvidos!!",
Anhumas,SP,Comentario,2022-08-25 15:29:08,hebertceleste2,,ParabÃ©ns a todos vcs q deus ilumine sempre ğŸ™ŒğŸ™ŒğŸ™ŒğŸ™Œ nota 100000000000,
Anhumas,SP,Post,2022-08-24 19:20:27,municipiodeanhumas,"AmanhÃ£, dia 25 de Agosto, Ã s 19:30h, Culto em GratidÃ£o ao CentenÃ¡rio de Anhumas, na Primeira Igreja Batista.
NÃ£o percam!

 #municipiodeanhumas #celebraÃ§Ã£o #anhumas #anhumassp #municipio #100anos #CentenÃ¡rio #culto #igrejabatista",,10
Anhumas,SP,Post,2022-08-24 11:55:54,municipiodeanhumas,"JÃ¡ cuidou da saÃºde ??
Vem com a gente... AGITA ANHUMAS 27/08, sÃ¡bado.

InÃ­cio: ""Caminhada: Agita Anhumas"" Ã s  8h.
SaÃ­da:  GinÃ¡sio de esportes direÃ§Ã£o Polo do Academia da SaÃºde (pista de skate)
Polo Academia da SaÃºde (pista de skate) estarÃ¡ acontecendo vÃ¡rias atividades.

CafÃ© da manhÃ£ 

Cronograma de atividades no Polo da Academia

10h: ""voleiÃ§ol"" recreativo
10h30 funcional kids
11h Ritmos 
12h encerramento

 #municipio #anhumas #anhumassp #prudente #prudenteeregiao #100anos #prefeitura #CentenÃ¡rio #Cultura #celebraÃ§Ã£o #municipiodeanhumas #saude #presidenteprudente #ginastica #arlivre #academia",,25
Anhumas,SP,Post,2022-08-23 22:20:17,municipiodeanhumas,"Mais uma!!

Recurso prÃ³prio para o Setor de Estrada e Rodagem
#anhumas #anhumassp #municipio #100anos #CentenÃ¡rio #prefeitura #motos #motocicletas",,29
Anhumas,SP,Post,2022-08-23 20:10:22,municipiodeanhumas,"Curso de Escabeche de Abobrinha menina.

Venha jÃ¡ fazer sua inscriÃ§Ã£o, no telefone 99739-8724
29 de Agosto Ã s 19:30hs
No Centro de Cultura e Turismo ""Prof. Olga Zachi Imada""

#anhumas #anhumassp #municipio #100anos #CentenÃ¡rio #Cultura #centenariodeanhumas #curso #escabeche #escabechedelegumes #abobrinha #abobrinhamenina",,7
Anhumas,SP,Post,2022-08-20 12:55:53,municipiodeanhumas,"Prefeito de Anhumas ganha prÃªmio destaque

Por MÃ¢nia Pires

O prefeito municipal de Anhumas, Adailton CÃ©sar Menossi, ganhou o prÃªmio Top Of Mind Destaque PolÃ­tico 2022. A solenidade ocorreu na noite desta sexta-feira, 19, no SalÃ£o de Festas em Regente FeijÃ³.
De acordo com o Prefeito Adailton CÃ©sar Menossi, o mÃ©rito do reconhecimento Ã© integralmente da comunidade. â€œHoje Ã© um dia feliz e importante para Anhumas. Estou levando este prÃªmio para o nosso municÃ­pio, e o dedico a toda comunidade, pois esse prÃªmio nÃ£o Ã© meu e sim nosso. Anhumas  merece ter sua histÃ³ria e virtudes reconhecidas. Isso prova o quanto o trabalho em coletividade, somando os esforÃ§os de todos em prol do municÃ­pio pode trazer resultados magnÃ­ficosâ€, frisou.
O prÃªmio tem o intuito de valorizar e reconhecer o trabalho dos homenageados tanto no setor pÃºblico como privado. O prÃªmio Top Of Mind Ã© da Empresa Folha Ribeirinha de Presidente EpitÃ¡cio ""Empreendedores, Pesquisa e Marketing"".

#anhumas #anhumassp #premiotopofmind #premio",,123
Anhumas,SP,Comentario,2022-08-21 23:29:38,estanciaap2,,ğŸ‘ğŸ‘ğŸ‘,
Anhumas,SP,Comentario,2022-08-20 13:28:29,liaediego,,ğŸ‘ğŸ‘ğŸ‘ğŸ‘ğŸ‘,
Anhumas,SP,Comentario,2022-08-20 15:27:59,casual_storepp,,ğŸ‘,
Anhumas,SP,Comentario,2022-08-20 14:24:50,meuhote,,"Ã‰ muito gratificante ver  um polÃ­tico preocupado com a coletividade, ser reconhecido e premiado. O bom filho tornou a casa. NÃ£o demorou nada para Anhumas voltar aos trilhos do progresso. Anhumas voltou a ser exemplo para nossa regiÃ£o. Continue Adailton! ParabÃ©ns! Que Deus sempre ilumine seu caminho e que nele, sempre esteja o desejo de fazer da pequena Anhumas, um grande municÃ­pio.",
Anhumas,SP,Comentario,2022-08-22 00:06:32,ednamariasantoslopesacencio,,ğŸ‘ğŸ‘ğŸ‘ğŸ‘ğŸ‘,
Anhumas,SP,Comentario,2022-08-20 22:00:17,hudsonregente,,"ParabÃ©ns meu irmÃ£o, mais que merecido.",
Anhumas,SP,Comentario,2022-08-20 13:10:02,ver.camila.silva,,ParabÃ©ns ğŸ‘ğŸ‘,
Anhumas,SP,Comentario,2022-08-21 12:05:13,hot_dog_da_file,,"Nosso Prefeito Ã© merecedor , e muito mais que estar por vir , Ã© o melhor nesse eu confio e apoio â¤ï¸",
Anhumas,SP,Comentario,2022-08-22 18:15:52,luissantos3096,,Meu prefeito Adailton,
Anhumas,SP,Comentario,2022-08-21 02:20:53,iara_gimenes,,@adailtonmenossi  parabÃ©ns meu amigo e prefeito ...todos merecem mas se nÃ£o houvesse uma parceria e profissionalismo da sua parte  isso nÃ£o haveria acontecido.....,
Anhumas,SP,Comentario,2022-08-20 18:50:53,sergiopalaoficial,,Uma gesta exemplar desse amigo baluarte... parabÃ©ns ao povo de Anhumas...que tem no comando essa fera parabÃ©ns amigo @adailtonmenossi,
Anhumas,SP,Post,2022-08-19 00:52:10,municipiodeanhumas,"Dia D - Campanha do VacinaÃ§Ã£o 

Ã‰ sabado!!!
NÃ£o esqueÃ§a a carteirinha de vacinaÃ§Ã£o 

POLIOMIELITE = crianÃ§as de 1 ano a menor de 5 anos
MULTIVACINAÃ‡ÃƒO = crianÃ§as e adolescentes de 5 anos a menor de 15 anos

#anhumas #anhumassp #prefeitura #saude #vacinacÃ£o #vacinacÃ£oinfantil #á´ á´€á´„ÉªÉ´á´€á´˜á´€Ê€á´€á´›á´á´…á´s #poliomielite #multivacinacÃ£o",,7
Anhumas,SP,Post,2022-08-17 01:05:09,municipiodeanhumas,"Dia Municipal da Leitura
Assessoria de Turismo e Cultura em parceria com a Emef Adhemar Palmiro realizaram uma atividade de interaÃ§Ã£o com a populaÃ§Ã£o do municÃ­pio para comemorar o Dia Municipal da Leitura e incentivar os munÃ­cipes ao hÃ¡bito da leitura.
ParabÃ©ns crianÃ§as ğŸ“–

#anhumas #anhumassp #municipio #100anos #celebraÃ§Ã£o #Cultura #CentenÃ¡rio #prefeitura #ler #leitura #arte #juntospelacultura",,19
Anhumas,SP,Post,2022-08-17 00:27:22,municipiodeanhumas,"Em comemoraÃ§Ã£o ao Dia Municipal da Leitura a EMEF Adhemar Palmiro realizou uma leitura simultÃ¢nea, onde cada professor escolheu um livro e disponibilizaram para todos os alunos do perÃ­odo para que pudessem fazer a inscriÃ§Ã£o da histÃ³ria que gostariam de ouvir, tendo como informaÃ§Ã£o somente o tÃ­tulo e a capa do livro. As sessÃµes de leitura ocorreram simultaneamente, de acordo com os inscritos, promovendo o envolvimento de todos os alunos e professores, pois cada um contou e ouviu uma leitura diferente no mesmo horÃ¡rio da rotina.

 #anhumas #anhumassp #municipio #100anos #celebraÃ§Ã£o #Cultura #CentenÃ¡rio #prefeitura #ler #leitura #arte #juntospelacultura",,55
Anhumas,SP,Comentario,2022-08-17 00:28:32,pooj.a14829,,"Send pic onğŸ‘‰
@the_art_.gallery._",
Anhumas,SP,Comentario,2022-08-17 00:38:54,fernanda.caetano.942,,ğŸ‘ğŸ‘ğŸ‘ğŸ‘,
Anhumas,SP,Comentario,2022-08-17 00:40:48,fernanda.caetano.942,,@caroline_gardin1 @thamirxs @nayaraandre_alcantara @tau.barros @silvanamartinssseixas @batistelamaiorano @ivanimilano,
Anhumas,SP,Comentario,2022-08-17 01:13:18,ivanimilano,,Foi uma dinÃ¢mica onde todos tiveram a oportunidade de participar com o objetivo de incentivar a leitura sempre.ğŸ‘ğŸ‘ğŸ‘,
Anhumas,SP,Comentario,2022-08-17 01:13:51,ivanimilano,,ğŸ‘ğŸ‘ğŸ‘,
Anhumas,SP,Post,2022-08-16 11:00:08,municipiodeanhumas,"Dia Municipal da Leitura
VocÃª jÃ¡ leu seu livrinho hoje??

 #anhumas #anhumassp #municipio #100anos #Cultura #prefeitura #CentenÃ¡rio #celebraÃ§Ã£o #leitura #ler",,12
Anhumas,SP,Post,2022-08-15 00:22:17,municipiodeanhumas,"Primeira Etapa do Projeto Arte Urbana
Uma parceria entre a Secretaria de Cultura e Economia Criativa do Estado de SÃ£o Paulo e a Prefeitura Municipal de Anhumas por meio Assessoria de Turismo e Cultura 

#anhumassp #anhumas #municipio #arte #conexaocultural #secretariadeculturadoestado #juntospelacultura #arteurbanasp #amigosdaarte #Cultura #ArteUrbana",,21
Anhumas,SP,Post,2022-08-14 11:21:29,municipiodeanhumas,"Feliz Dia dos Pais

#anhumas #anhumassp #municipio #100anos #centenario #centenriodeanhumas #diadospais",,36
Anhumas,SP,Comentario,2022-08-14 13:12:24,hebertceleste2,,â¤ï¸â¤ï¸,
Anhumas,SP,Post,2022-08-14 01:44:50,municipiodeanhumas,"Em comemoraÃ§Ã£o ao Dia dos Pais a EMEF Adhemar Palmiro em parceria com a Assessoria Municipal de Esportes realizaram o Torneio de Futebol Society. Os times foram compostos pelos pais dos alunos que demonstraram interesse em participar, seu objetivo maior foi promover uma maior integraÃ§Ã£o entre a famÃ­lia e escola por meio da prÃ¡tica esportiva. O evento ainda contou com apoio da prefeitura municipal e comÃ©rcio. 

#anhumas #anhumassp #municipio #100anos #esporte #futebol #diadospais",,52
Anhumas,SP,Comentario,2022-08-14 01:53:59,gucardoszo,,Show! ğŸ‘ğŸ‘,
Anhumas,SP,Comentario,2022-08-14 05:11:22,fernanda.caetano.942,,Perfeito ğŸ‘,
Anhumas,SP,Comentario,2022-08-14 05:46:52,victor.ribeiro10,,Viva todos os pais. Que Deus abenÃ§oe cada um. ğŸ‘ğŸ»ğŸ‘ğŸ»ğŸ‘ğŸ»,
Anhumas,SP,Post,2022-08-13 11:00:11,municipiodeanhumas,"CrianÃ§as e adolescentes do ServiÃ§o de ConvivÃªncia e Fortalecimento de VÃ­nculos  do Cras Anhumas - Oficina de BalÃ©.

ParabÃ©ns aos envolvidos!!!
Obrigado aos bailarinos do @ciadocorpo_pp que participaram, nossa gratidÃ£o as FamÃ­lias que vieram prestigiar e a 1Â° Dama Erika de SÃ¡ que aceitou ser a Madrinha dos Bailarinos do Cras Anhumas.

 #anhumas #anhumassp #municipio #prudenteeregiao #100anos #presidenteprudente #prudente #prefeitura #musica #balet #Bale #arte #bailarina #bailarinos

Mais fotos no https://www.facebook.com/municipiodeanhumas",,74
Anhumas,SP,Comentario,2022-08-13 12:01:15,erika.sa40,,"Foi uma apresentaÃ§Ã£o perfeita,estava tudo como sempre,muito bem organizado.. GratidÃ£o por ser madrinha de algo tÃ£o bonito,contem comigo!!!!â¤ï¸â¤ï¸â¤ï¸",
Anhumas,SP,Comentario,2022-08-13 21:21:31,ciadocorpo_pp,,A Cia do Corpo tem a honra de fazer parte! ğŸ™ğŸ¼ğŸ’™,
Anhumas,SP,Post,2022-08-13 10:00:11,municipiodeanhumas,"Iniciando o Projeto da Arte Urbana no nosso MunicÃ­pio. 
 
#anhumassp #anhumas #municipio #prudenteeregiao #100anos #presidenteprudente #prudente  #secretariadeculturadoestado #cultura #amigosdaarte #arteurbana #conexaocultural #arteurbanasp #juntospelacultura 

Assessoria de Cultura e Turismo de Anhumas SP",,9
Anhumas,SP,Post,2022-08-12 02:11:00,municipiodeanhumas,"E hoje nosso MunicÃ­pio em parceria com a ITESP Instituto de Terras do Estado de SP, entregaram Ã  47 munÃ­cipes o documento de apropriaÃ§Ã£o de seus imÃ³veis, a escritura de direito.

#anhumassp #anhumas #municipio #prudenteeregiao #100anos #presidenteprudente #prudente #prefeitura #itesp #escritura @fundacaoitesp",,34
Anhumas,SP,Comentario,2022-08-12 02:33:44,juliana.araujo_29,,PerfeiÃ§Ã£o em forma de foto ğŸ¤©,
Anhumas,SP,Post,2022-08-11 21:27:36,municipiodeanhumas,"BOLETIM DENGUE
Confira o Boletim da Dengue desta quinta-feira (11/08).
Vamos todos fazer a nossa parte!!!

#anhumas
#anhumascontraadengue
#denguemata
#boletimdengue
#dengue
#prefeitura",,5
Anhumas,SP,Post,2022-08-09 21:16:59,municipiodeanhumas,"E vem ai o Festival mais esperado!!

""Festival a mais Bela Voz Municipal""
Dia 27 de Agosto - SalÃ£o Ataliba

InscriÃ§Ãµes de 10 Ã  19 de Agosto, no Centro de Cultura e Turismo ""Prof. Olga Zachi Imada""

 #anhumassp #anhumas #municipio #100anos #festival #musica #cantores",,38
Anhumas,SP,Post,2022-08-09 04:06:02,municipiodeanhumas,"3Âº Noite do Rodeio Show Anhumas
A grande final Rodeio PBR e Show Diego e Arnaldo

#anhumassp #anhumas #municipio #100anos
#centenariodeanhumas #celebraÃ§Ã£o #CentenÃ¡rio
#municipiodeanhumas #prefeitura #humbertoeronaldo #show #rodeio #pbr #pbrbrasil #desabado Diego e Arnaldo",,112
Anhumas,SP,Post,2022-08-09 01:50:17,municipiodeanhumas,"BOLETIM DENGUE
Confira o Boletim da Dengue desta segunda-feira (08/08).
Vamos todos fazer a nossa parte!!!

#anhumas
#anhumascontraadengue
#denguemata
#boletimdengue
#dengue
#prefeitura",,3
Anhumas,SP,Post,2022-08-09 01:46:10,municipiodeanhumas,"BOLETIM EPIDEMIOLÃ“GICO - COVID-19
Continuamos com os protocolos contra a Covid-19, pois a pandemia ainda nÃ£o acabou.
Confira o Boletim desta segunda-feira, 08 de Agosto.
Continue usando mÃ¡scara, Ã¡lcool gel e mantendo o distanciamento social.
Para departamentos, como Ã¡rea de saÃºde, o uso da mascara ainda se faz obrigatÃ³rio.

#anhumascontracovid
#usemascara
#distanciamentosocial
#BoletimCovid19
#anhumassp
#anhumas",,4
Anhumas,SP,Post,2022-08-08 23:41:56,municipiodeanhumas,"ALERTA

Precisando da Central de AmbulÃ¢ncia ligar 99739-8704",,8
Anhumas,SP,Post,2022-08-08 22:36:10,municipiodeanhumas,"ComeÃ§ou hoje a Campanha de VacinaÃ§Ã£o para Poliomielite e multivacinaÃ§Ã£o.

Traga sua Carteirinha de vacinaÃ§Ã£o, cartÃ£o do SUS e documento.
NÃ£o deixe para depois!!!

 #anhumassp #anhumas #municipio #100anos #prudente #centenario #saude #vacina #vacinasalvasim #vacinacÃ£o",,12
Anhumas,SP,Post,2022-08-08 17:19:36,municipiodeanhumas,"2Âº Noite do Rodeio Show Anhumas
CompetiÃ§Ã£o Rodeio PBR e Show Humberto e Ronaldo

#anhumassp #anhumas #municipio #100anos
#centenariodeanhumas #celebraÃ§Ã£o #CentenÃ¡rio
#municipiodeanhumas #prefeitura #humbertoeronaldo #show #rodeio #pbr #pbrbrasil #desexta",,61
Anhumas,SP,Comentario,2022-08-08 20:35:34,piratasartesanalnabrasa,,Foi top todos os dias ğŸ‘ğŸ‘ğŸ‘,
Anhumas,SP,Post,2022-08-08 17:13:22,municipiodeanhumas,"2Âº Noite do Rodeio Show Anhumas
CompetiÃ§Ã£o Rodeio PBR e Show Humberto e Ronaldo

#anhumassp #anhumas #municipio #100anos
#centenariodeanhumas #celebraÃ§Ã£o #CentenÃ¡rio
#municipiodeanhumas #prefeitura #humbertoeronaldo #show #rodeio #pbr #pbrbrasil #desexta @pbrbrazil",,139
Anhumas,SP,Comentario,2022-08-08 21:24:08,erika.sa40,,Que lindas as fotos ğŸ‘ğŸ‘ğŸ‘ğŸ‘,
Anhumas,SP,Comentario,2022-08-08 22:19:06,marlene.dovale.52,,ğŸ‘ğŸ‘ğŸ‘ğŸ‘ğŸ‘ğŸ‘,
Anhumas,SP,Post,2022-08-08 14:05:06,municipiodeanhumas,"Essa semana estamos mobilizando a populaÃ§Ã£o em combate a Leishmaniose Visceral, doenÃ§a transmitida pelo mosquito palha (protozoÃ¡rio), que pode acometer aos cÃ£es e o ser humano. 
Ã‰ importante ressaltar que a higiene Ã© a principal forma de combate contra essa doenÃ§a e outras, que sÃ³ depende de cada morador fazer sua parte.

 #anhumassp #anhumas #100anos #presidenteprudente #municipiodeanhumas #leishmaniose",,7
Anhumas,SP,Post,2022-08-08 12:55:26,municipiodeanhumas,"ApresentaÃ§Ã£o de BalÃ©, em comemoraÃ§Ã£o ao CentenÃ¡rio de Anhumas.

 #anhumassp #anhumas #municipio #100anos #presidenteprudente #centenariodeanhumas #CentenÃ¡rio #amigos #sucesso #centenario #balet #bale",,13
Anhumas,SP,Post,2022-08-06 20:20:42,municipiodeanhumas,"Em homenagem ao centenÃ¡rio de Anhumas as crianÃ§as da Creche Municipal Professora Clotildes Lopes Trevisan realizaram diversas atividades, dentre elas, cantaram parabÃ©ns para a nossa querida cidade!

 #anhumassp #anhumas #municipio #100anos #presidenteprudente #Prefeito #municipiodeanhumas #CentenÃ¡rio #centenariodeanhumas #centenario #celebraÃ§Ã£o #sucesso #pecuaria #amigos #tradiÃ§Ã£o #unipontal #agricultor #agricultura #agropecuaria #agronaopara #festa #agosto #anhumas100anos ##educaÃ§Ã£o",,82
Anhumas,SP,Post,2022-08-06 14:16:03,municipiodeanhumas,"ParabÃ©ns Anhumas, pelos 100 anos!!!
Nosso pedacinho do cÃ©u.

 #anhumassp #anhumas #municipio #100anos #celebraÃ§Ã£o #municipiodeanhumas #prefeitura #CentenÃ¡rio #centenariodeanhumas #centenario #Prefeito",,119
Anhumas,SP,Comentario,2022-08-06 14:20:40,renatarenatto,,ParabÃ©ns Anhumas!,
Anhumas,SP,Comentario,2022-08-06 14:55:41,_graciely1,,â¤ï¸ğŸ‘,
Anhumas,SP,Comentario,2022-08-06 17:28:54,ameliamingroni,,"Bem isso "" Nosso pedacinho do cÃ©u"" Amo minha cidade.",
Anhumas,SP,Comentario,2022-08-06 22:59:32,nidesp,,ParabÃ©ns Anhumas!!! ğŸ’¯,
Anhumas,SP,Post,2022-08-05 21:56:21,municipiodeanhumas,"Olha que lindo nosso povo!!!

VÃ­deo cedido
#deontem #anhumas #anhumassp #joaoboscoevinicius",,69
Anhumas,SP,Post,2022-08-05 14:05:53,municipiodeanhumas,"1Âº Noite do Rodeio Show Anhumas
Abertura do Rodeio PBR e Show JoÃ£o Bosco e VinÃ­cius

#anhumassp #anhumas #municipio #100anos #centenariodeanhumas #celebraÃ§Ã£o #CentenÃ¡rio #municipiodeanhumas #prefeitura #joaoboscoevinicius #pbr #pbrbrasil",,82
Anhumas,SP,Post,2022-08-05 12:46:27,municipiodeanhumas,"1Âº Noite do Rodeio Show Anhumas
Abertura do Rodeio PBR e Show JoÃ£o Bosco e VinÃ­cius 

 #anhumassp #anhumas #municipio #100anos #centenariodeanhumas #celebraÃ§Ã£o #CentenÃ¡rio #municipiodeanhumas #prefeitura #joaoboscoevinicius #pbr #pbrbrasil",,160
Anhumas,SP,Post,2022-08-05 12:24:04,municipiodeanhumas,"1Âº Noite do Rodeio Show Anhumas
Abertura do Rodeio PBR e Show JoÃ£o Bosco e VinÃ­cius 

 #anhumassp #anhumas #municipio #100anos #centenariodeanhumas #celebraÃ§Ã£o #CentenÃ¡rio #municipiodeanhumas #prefeitura #joaoboscoevinicius #pbr #pbrbrasil",,84
Anhumas,SP,Post,2022-08-05 04:00:02,municipiodeanhumas,"Rodeio show de Anhumas.
Nosso centenÃ¡rio comemorado com o povo. 

#anhumas #anhumassp #rodeioshow",,96
Anhumas,SP,Comentario,2022-08-05 22:17:06,canaldojura,,@advocaciarosinaldoramos,
Anhumas,SP,Post,2022-08-04 20:05:10,municipiodeanhumas,"Em aÃ§Ã£o de graÃ§as ao CentenÃ¡rio de Anhumas, no dia 07 de Agosto Ã s 18hs, celebraremos a missa na nossa Igreja Matriz ParÃ³quia Santa Luzia. 

Contamos com a presenÃ§a de todos!!

 #anhumassp #anhumas #municipio #100anos #CentenÃ¡rio #missa #centenariodeanhumas #celebraÃ§Ã£o #paroquiasantaluzia",,38
Anhumas,SP,Post,2022-08-04 14:05:19,municipiodeanhumas,"E ontem tivemos uns visitantes importantes na nossa Prefeitura.

A turminha da EMEI - Prof. JosÃ© Ede Duela foram conhecer o Gabinete do Prefeito @adailtonmenossi , aproveitaram para entender como funciona a Prefeitura e fazer pedidos para a escola.
Foi uma manhÃ£ bem divertida!!

#anhumassp #anhumas #municipio #prudenteeregiao #presidenteprudente #100anos #emei #educacao #educadores #infancia #infantil #visita #passeio #prudente #centenario #centenarioanhumas",,79
Anhumas,SP,Comentario,2022-08-04 16:46:05,solange.alvesbarbosa.7,,ğŸ‘ğŸ‘ğŸ‘ğŸ‘,
Anhumas,SP,Comentario,2022-08-05 05:37:35,sandrallima_cma,,"ParabÃ©ns a diretora JÃºlia, coordenadora Givanilda e toda a equipe pela iniciativa, nossas crianÃ§as amaram tenho certeza que foi momento de muita aprendizagem. ParabÃ©ns ao nosso prefeito Adailton e a nossa vice Iara por recepcionar tÃ£o bem nossa crianÃ§a. Alice simplesmente amou, ficou encantada ğŸ‘ğŸ‘ğŸ‘â¤ï¸",
Anhumas,SP,Post,2022-08-04 11:50:50,municipiodeanhumas,"AtenÃ§Ã£o pessoal... 
Fiquem atentos as normas do nosso 9Â° Rodeio Show de Anhumas.
Lembrando que menores de 16, a entrada serÃ¡ com acompanhante responsÃ¡vel e que serÃ¡ proibida a venda de bebidas alcoÃ³licas para menores.

Venham e se divirtam.

#anhumas #anhumassp #rodeio #rodeioshow #segurapeao #joaoboscoevinicius #humbertoeronaldo #diegoearnaldo",,75
Anhumas,SP,Post,2022-08-04 11:30:06,municipiodeanhumas,"ATENÃ‡ÃƒO! OPORTUNIDADE PARA OS PROFISSIONAIS DA BELEZA!
VocÃª Ã© empresÃ¡rio(a) formalizado(a) e atua no Segmento da Beleza!? 

O Sebrae tem uma super oportunidade para vocÃª!

Participe da Live: GestÃ£o e InovaÃ§Ã£o para os NegÃ³cios de Beleza e aprimore seus conhecimentos sobre os Temas: InteligÃªncia Emocional e Instagram de Sucesso.

E sabe o que Ã© ainda melhor!? As empresas participantes da Live, terÃ£o a oportunidade de participar gratuitamente da Caravana para a Beauty Fair 2022!

Corra e garanta a sua inscriÃ§Ã£o, pois as vagas sÃ£o limitadas!!!

Data da Live: 22/08/2022. 
HorÃ¡rio: 19h00.

Data de saÃ­da da Caravana para a Beauty Fair: 03/09/2022 (sÃ¡bado).
O Ã´nibus sairÃ¡ no sÃ¡bado Ã  noite para passarmos o domingo na feira. 

Inscreva-se atravÃ©s do telefone: (18) 99818-9079 â€“ Banco do Povo - Anhumas.",,14
Anhumas,SP,Post,2022-08-04 10:00:06,municipiodeanhumas,"Ã‰ HOJE .... 

De 4 a 6 de Agosto de 2022, Rodeio de Anhumas

VocÃª nÃ£o vai ficar de fora nÃ©? ğŸ”¥ğŸ”¥

04/08 @joaoboscoevinicius 
05/08 @humbertoeronaldo 
06/08 @diegoearnaldo 

 #anhumas #anhumassp #municipio #prudenteeregiao #100anos #prudente #presidenteprudente  #agroboy #agrogirl #rodeio #rodeioshowanhumas #musica #musicaraiz #municipiodeanhumas #rodeioshowdeanhumas #prefeitura #Prefeito 
#rodeioanhumas2022 #rodeioanhumas #pbr #joaoboscoevinicius #humbertoeronaldo #diegoearnaldo",,44
Anhumas,SP,Post,2022-08-04 01:08:51,municipiodeanhumas,"Mais um... 

Emenda parlamentar, destinado a SaÃºde.
#prudente #anhumassp #anhumas #municipio #prudenteeregiao #100anos #presidenteprudente #centenario #saude",,37
Anhumas,SP,Post,2022-08-04 00:57:18,municipiodeanhumas,"Anhumas recebeu na Ãºltima semana a palestra de Suri Walleria, mulher transgÃªnero, ativista pelos direitos humanos e consultora em diversidade. O evento teve como objetivo fomentar discussÃµes sobre os direitos sociais da populaÃ§Ã£o LGBTQIA+ e a necessidade de compreender e trabalhar esta temÃ¡tica em rede para ofertar atendimento digno e de qualidade a estas pessoas e fortalecÃª-las enquanto sujeitos de direitos.

 #anhumas #anhumassp #municipio #presidenteprudente #100anos #fundosocial #prudente #prudenteeregiao #LGBTI #lgbtqia",,30
Anhumas,SP,Post,2022-08-03 18:35:52,municipiodeanhumas,"Desde 1Âº de Agosto, nosso MunicÃ­pio esta recebendo os agentes do Censo DemogrÃ¡fico 2022. 
Responda e contribua, participar Ã© um ato de cidadania.
O resultado do censo nos beneficia com os projetos do Governo Federal e Estadual.

 #anhumassp #anhumas #municipio #presidenteprudente #censo #censo2022",,15
Anhumas,SP,Post,2022-08-03 18:06:33,municipiodeanhumas,"E ontem, em Presidente Prudente, foi Inaugurada a AMOPONTAL AssociaÃ§Ã£o das Mulheres Organizadas do Pontal do Paranapanema, que Ã© uma organizaÃ§Ã£o de mulheres formada pelas primeiras damas e presidentes dos Fundos Sociais de Solidariedade de municÃ­pios da regiÃ£o.
E nossa Primeira Dama, Erika de SÃ¡, foi convidada para ser a Vice Presidente do projeto, pela Primeira Dama de Presidente Prudente ClÃ©lia Tomazini.
Estamos honrados com o convite!!

 #anhumas #presidenteprudente #prudente #anhumassp #100anos #municipio #fundosocial #GovernadorRodrigoGarcia #prudenteeregiao #primeiradama",,37
Anhumas,SP,Post,2022-08-03 13:01:51,municipiodeanhumas,"O sucesso da EXPOAGRO Anhumas foi graÃ§as ao empenho da Equipe e dos Expositores que trabalharam sem medir esforÃ§os.
Nosso muito obrigado!!! 

#anhumas #anhumassp #expo #expoagro #expoagroanhumas2022 #expoagro2022",,46
Anhumas,SP,Comentario,2022-08-04 00:15:24,brahman_aol,,ğŸ‘ğŸ¼ğŸ‘ğŸ¼,
Anhumas,SP,Comentario,2022-08-04 00:19:41,soniaalkmin,,ğŸ˜ğŸ˜ğŸ˜ğŸ˜ğŸ˜ğŸ˜,
Anhumas,SP,Comentario,2022-08-04 03:17:55,cideangelinacorrea,,ParabÃ©ns AOL!!,
Anhumas,SP,Post,2022-08-02 23:19:48,municipiodeanhumas,"INFORMAÃ‡Ã•ES DO RODEIO:

SerÃ¡ PROIBIDA a entrada de menores de 16 anos desacompanhados dos pais ou seus responsÃ¡veis.
E expressamente PROIBIDA a venda de bebidas alcoÃ³licas para menores de 18 anos.

#anhumas #anhumassp #rodeioshow #rodeioanhumas",,92
Anhumas,SP,Post,2022-08-02 10:00:11,municipiodeanhumas,"Cronograma de vacinaÃ§Ã£o COVID-19

Dia 03 de Agosto - UBS I Marina Ceolin Lopes
HorÃ¡rio: das 9h Ã s 11h30
  das 14h Ã s 16h30

 #anhumassp #anhumas #presidenteprudente #prudente #cavalgada #tradiÃ§Ã£o #100anos #rodeioshow #somos1000 #centenario #municipio #covid #vacina #COVID19",,8
Anhumas,SP,Post,2022-08-02 02:13:06,municipiodeanhumas,"Tem mais...
20Âª Cavalgada de Anhumas...

#anhumas #anhumassp #cavalgada #cavalgadaanhumas #comitiva #aquiÃ©raiz

https://www.facebook.com/municipiodeanhumas",,109
Anhumas,SP,Comentario,2022-08-02 05:18:05,rusticosaraivaoficial,,@municipiodeanhumas ğŸ‘ğŸ»ğŸ¥°ğŸ¤ ,
Anhumas,SP,Comentario,2022-08-02 08:14:10,lucilenemessias1106anhumas,,â¤ï¸â¤ï¸â¤ï¸â¤ï¸â¤ï¸,
Anhumas,SP,Post,2022-08-02 01:52:36,municipiodeanhumas,"20Âª Cavalgada de Anhumas, mais um pouquinho.

Agradecemos Ã  todas as Comitivas, todas as famÃ­lias e amigos que fizeram mais uma vez o sucesso desse encontro.

Mais fotos: https://www.facebook.com/municipiodeanhumas 

#anhumas #anhumassp #cavalgada #cavalgadaanhumas #comitiva #aquiÃ©raiz",,52
Anhumas,SP,Comentario,2022-08-02 05:19:53,rusticosaraivaoficial,,@municipiodeanhumas ğŸ‘ğŸ»ğŸ¥°ğŸ¤ ,
Anhumas,SP,Post,2022-08-02 00:55:57,municipiodeanhumas,"20Âª Cavalgada de Anhumas...

Agradecemos Ã  todas as Comitivas, todas as famÃ­lias e amigos que fizeram mais uma vez o sucesso desse encontro.

#anhumas #anhumassp #cavalgada #cavalgadaanhumas #comitiva #aquiÃ©raiz",,114
Anhumas,SP,Comentario,2022-08-02 05:19:42,rusticosaraivaoficial,,@municipiodeanhumas ğŸ‘ğŸ»ğŸ¥°ğŸ¤ ,
Anhumas,SP,Post,2022-07-31 23:53:01,municipiodeanhumas,"1Âª EXPOAGRO ANHUMAS 2022.
Obrigado Ã  todos os expositores, empresÃ¡rios e famÃ­lias que nos visitaram.
AtÃ© 2023, com muito mais para vocÃªs.

#anhumas #anhumassp #expoagro #expoagroanhumas #expoagroanhumas2022 #expo #expositores #presidenteprudente #prudente",,118
Anhumas,SP,Comentario,2022-07-31 23:57:20,mania.gomespires,,ğŸ‘ğŸ‘ğŸ‘,
Anhumas,SP,Comentario,2022-08-01 00:03:18,valmirtainara,,ParabÃ©ns a todos os envolvidos ğŸ‘ğŸ½ğŸ‘ğŸ½ foi um sucesso ğŸ‘ğŸ½ğŸ‘ğŸ½,
Anhumas,SP,Comentario,2022-08-01 00:43:51,marciamarrafao,,ğŸ‘ğŸ‘ğŸ‘,
Anhumas,SP,Comentario,2022-08-01 01:20:49,daniialvees01,,ğŸ‘ğŸ‘ğŸ‘ğŸ‘,
Anhumas,SP,Comentario,2022-08-01 10:45:10,fabricio.energia.solar,,â¤ï¸â¤ï¸â¤ï¸â¤ï¸,
Anhumas,SP,Comentario,2022-08-02 00:10:43,adrielijoice,,"ParabÃ©ns @municipiodeanhumas pelo grande evento ,que festa maravilhosa! ParabÃ©ns a todos envolvidos na organizaÃ§Ã£o desse evento ....",
Anhumas,SP,Comentario,2022-08-02 00:11:03,adrielijoice,,#equevenhaorodeio ğŸğŸ¥°ğŸ™,
Anhumas,SP,Post,2022-07-31 16:51:58,municipiodeanhumas,"20Â° Cavalgada de Anhumas, 2022

#anhumas #anhumassp #cavalgada #cavalgadaanhumas",,155
Anhumas,SP,Comentario,2022-07-31 17:02:23,patriciaramineli,,Essa cavalgada foi de respeito hein ğŸ‘ğŸ» ğŸ‘ğŸ»ğŸ‘ğŸ»ğŸ‘ğŸ»ğŸ‘ğŸ» top demais,
Anhumas,SP,Post,2022-07-31 12:04:16,municipiodeanhumas,"O Prefeito Adailton Menossi e a 1Âª Dama Erika de SÃ¡, ontem no evento da 1Âª EXPOAGRO ANHUMAS, comemorando o sucesso da feira, que venha 2023!!

#anhumas #anhumassp #expo #expoagroanhumas2022 #expoagroanhumas #agroboy #agrogirl #pecuaria #agronomia #sucesso #show #amigos #inesquecÃ­vel",,94
Anhumas,SP,Post,2022-07-31 02:18:16,municipiodeanhumas,"1Â° Expoagro de Anhumas. 
#inesquecÃ­vel 

#anhumas #anhumassp #expoagroanhumas #expoagroanhumas2022 #expo #agronegÃ³cio #agropecuaria #agroboy #agrogirl",,52
Anhumas,SP,Comentario,2022-08-01 11:46:05,meuhote,,"Pensa num ""trem jeitado""!",
Anhumas,SP,Comentario,2022-08-01 11:46:35,meuhote,,"Quando vocÃª faz com amor, tudo fica lindo!",
Anhumas,SP,Post,2022-07-30 20:41:05,municipiodeanhumas,"Somos 1000
Muito obrigado pelo apoio nas  redes sociais.
Facebook e Instagram com 1000 seguidores, e na nossa fanpage estamos quase chegando a 2 mil.

https://www.instagram.com/municipiodeanhumas/
https://www.facebook.com/municipiodeanhumas
https://www.facebook.com/anhumas.anhumas.75

#anhumas #anhumassp #somos1000 #mil #seguidores #expo #expoagro #expoagroanhumas2022 #expoagroanhumas #centenariodeanhumas #centenario #100anos #rodeioshowanhumas #rodeio #rodeioshow #cavalgada #tradiÃ§Ã£o #amigos #municipio #unipontal",,39
Anhumas,SP,Comentario,2022-07-31 03:26:32,erika.sa40,,ğŸ‘ğŸ‘ğŸ‘ğŸ‘ğŸ‘ğŸ‘ğŸ‘ğŸ‘,
Anhumas,SP,Post,2022-07-30 20:15:16,municipiodeanhumas,"AMANHÃ‚ Show da Cavalgada

Ã s 10h saÃ­da dos Cavaleiros e Amazonas para nossa Cavalgada
e a partir das 12h, um show especial com Gabriel Gardin, JoÃ£o Markos, Felipe Corazza e Renato ToaToa, e a PraÃ§a de alimentaÃ§Ã£o continua!!!
VocÃª nÃ£o ai ficar de fora!!!!

#anhumas #anhumassp #seguidores #expo #expoagro #expoagroanhumas2022 #expoagroanhumas #centenariodeanhumas #centenario #100anos #rodeioshowanhumas #rodeio #rodeioshow #cavalgada #tradiÃ§Ã£o #amigos #municipio #unipontal #show",,50
Anhumas,SP,Post,2022-07-30 19:14:54,municipiodeanhumas,"E amanhÃ£, nossa tradicional Cavalgada, mais um dia de muita festa, shows e PraÃ§a de alimentaÃ§Ã£o... SaÃ­da as 10h da PraÃ§a Poliesportiva.

#anhumas #anhumassp #cavalgada #expo #expoagro #expoagroanhumas2022 #tradicao #cavalo #cavalosminhapaixao #agroÃ©top",,34
Anhumas,SP,Post,2022-07-30 12:55:05,municipiodeanhumas,"1Âº Expoagro de Anhumas 2022

#anhumas #anhumassp #expo #expoagro #expoagroanhumas2022",,110
Anhumas,SP,Post,2022-07-29 22:28:15,municipiodeanhumas,"1Âº dia da Expoagro Anhumas 2022. 
Nosso muito obrigado pelo dia inesquecÃ­vel, um grande marco na nossa historia!!

A festa continua!! Esperamos por vocÃªs!!

#anhumas #anhumassp #expo #expoagro #expoagroanhumas2022",,130
Anhumas,SP,Comentario,2022-07-30 00:19:56,hebertceleste2,,ParabÃ©ns a todos q deus abenÃ§oe e tambÃ©m agradece nosso gigante q sempre trÃ¡s melhorias para a populaÃ§Ã£o anhumense Adailton e administraÃ§Ã£o todos nota 1000000 o pai tÃ¡ on ğŸ™ŒğŸ™Œâ¤ï¸â¤ï¸â¤ï¸â¤ï¸â¤ï¸â¤ï¸,
Anhumas,SP,Comentario,2022-07-30 01:51:14,cmmalacrida,,"ParabÃ©ns a administraÃ§Ã£o @adailtonmenossi @iara_ricci, e toda equipe organizadora. 
1Âª EXPOAGRO ANHUMAS (de muitas que virÃ£o) estÃ¡ sendo sucesso absoluto! ğŸ”ğŸ‘ğŸ»",
Anhumas,SP,Comentario,2022-07-30 05:19:54,luana_souza_018,,Que evento incrÃ­vel parabÃ©ns a todos â¤ï¸ğŸ‘,
Anhumas,SP,Post,2022-07-29 17:32:30,municipiodeanhumas,"Hoje e amanhÃ£, na nossa ExpoAgro Anhumas 2022, Shows e boa musica!!
A partir das 19hs, aqui na PraÃ§a Poliesportiva.
Estamos esperando vcs!!!

29/07
Roberto e leonel
Renato Toa toa 
Anthony e AraÃºjo

30/07
LÃ©o DÂ´Lucca
Fabio Medeiros
Cesar e Ricardo 

#anhumas #anhumassp #expoagro #expoagroanhumas #expo #musicaraiz #musicaboa #musica #sertanejo",,49
Anhumas,SP,Comentario,2022-07-30 21:54:20,dayanecruzf,,@@vandeilto_carneiro,
Anhumas,SP,Post,2022-07-29 14:52:35,municipiodeanhumas,Abertura Expo Agro 2022,,54
Anhumas,SP,Comentario,2022-07-29 15:30:56,mari.mbsucesso,,ğŸ‘ğŸ‘ğŸ‘ğŸ‘â¤ï¸,
Anhumas,SP,Post,2022-07-29 02:54:45,municipiodeanhumas,"Uma pequena homenagem ao nosso Povo, Anhumas tem gente que faz!!!
Faz o agro ser forte!!
ParabÃ©ns!

#Anhumas #anhumassp #expo #expoagro #expoagroanhumas #expoagroanhumas2022 #diadoagricultor",,51
Anhumas,SP,Post,2022-07-28 14:05:07,municipiodeanhumas,"28 de Julho - Dia do Agricultor
Nosso eterno agradecimento para nossos Agricultores.
Anhumas tem gente que faz!!!

#anhumas #anhumassp #agricultor #agricultura #expoagro #expoagroanhumas2022 #diadoagricultor",,28
Anhumas,SP,Post,2022-07-28 13:06:47,municipiodeanhumas,"Olha o movimento na nossa EXPOAGRO, chegando maquinario!!

Esperamos vcs!!

#anhumas #anhumassp #expoagroanhumas #expoagroanhumas2022 #expoagro #expo #agronegÃ³cio #agro #agronomia #pecuaria",,105
Anhumas,SP,Comentario,2022-07-28 20:14:42,municipiodeanhumas,,ğŸ‘ğŸ‘ğŸ‘ğŸ‘ğŸ‘,
Anhumas,SP,Comentario,2022-07-28 20:01:03,sm.benvenuto,,Lindo de ver,
Anhumas,SP,Comentario,2022-07-28 20:34:07,cidacruzeirolopes,,ğŸ‘ğŸ‘ğŸ‘ğŸ‘,
Anhumas,SP,Comentario,2022-07-28 13:55:30,renatarenatto,,ğŸ‘ğŸ‘,
Anhumas,SP,Comentario,2022-07-28 14:59:12,altatensaosolar,,ğŸ‘ğŸ‘ğŸ‘,
Anhumas,SP,Post,2022-07-27 14:00:15,municipiodeanhumas,"Uma manhÃ£ no quartel
50 crianÃ§as participaram hoje de uma manhÃ£ no quartel. O evento foi organizado pela Assessoria de Turismo e Cultura de Anhumas em parceria com a PolÃ­cia Militar Ambiental de Presidente Prudente.
Fotos cedida

#anhumas #anhumassp #quartel #policiamilitar #ferias",,23
Anhumas,SP,Comentario,2022-07-27 22:51:11,nidesp,,ğŸ‘ğŸ‘ğŸ‘,
Anhumas,SP,Post,2022-07-27 10:45:07,municipiodeanhumas,"JÃ¡ conferiu a Semana do CentenÃ¡rio??
Tudo feito pensando em vocÃª!!

NÃ£o perca!!!

#anhumas #anhumassp #expoagro #expo #expoagroanhumas #cavalgada #rodeioshow #rodeioshowanhumas",,90
Anhumas,SP,Comentario,2022-07-27 16:19:29,andersonlinguica,,ğŸ™Œ,
Anhumas,SP,Comentario,2022-07-27 19:09:43,hudsonregente,,Sensacional...!!!,
Anhumas,SP,Post,2022-07-26 19:25:48,municipiodeanhumas,"CONVOCADOS 
PROGRAMA BOLSA TRABALHO

Esses sÃ£o os convocados para nova turma do Programa Bolsa Trabalho, os selecionados deverÃ£o procurar o Fundo Social a partir de amanhÃ£ 27 de Julho, munidos dos documentos: RG, CPF, comprovante de endereÃ§o e carteira de trabalho.

#anhumas #anhumassp #fundosocial #BolsaTrabalho 

1. ANGELA MARIA CASSIANO
2. ANTONIA XAVIER DA SILVA
3. BENJAMIM FRANCISCO PEREIRA
4. BRUNA APARECIDA FERREIRA
5. BRUNAILDE ANDREA FERNANDES DA SILVA
6. CLARICE APARECIDA TEIXEIRA
7. CLEONICE LOPES
8. DIANA PIRES OLIVEIRA SEGATTO
9. FRANCISCA TAVEIRA DE SOUZA DA SILVA
10. GABRIELA DOS SANTOS
11. GILMARA SILVA SANTOS
12. GIOVANA DE SOUZA
13. GISELE FERRARI MERCES.
14. IDALINA DA SILVA
15. JENNY NATALIA GALARZA ASCUE
16. JOSEFA ADRIANA GONÃ‡ALVES
17. JOYCE APARECIDA SILVA MARIN
18. JULIANA RIBEIRO
19. MARCIO FERREIRA DE LIMA
20. MARIA DE LOURDES DA ROCHA
21. MARIA DO SOCORRO FERREIRA DOS SANTOS
22. MARIA FATIMA DE LIMA
23. MARIA LUCIA DOS SANTOS
24. MARINETE RODRIGUES SPERANDIU
25. MARLENE MESSIAS PEREIRA
26. ODEIS MARIA DE SOUZA
27. SIDINEIA DOS SANTOS MENEZES
28. SIMONE OLIVEIRA LOPES DE FARIA
29. SOLANGE DE OLIVEIRA
30. VALQUIRIA MESSIAS PEREIRA DOS SANTOS",,19
Anhumas,SP,Post,2022-07-26 12:37:06,municipiodeanhumas,"O agrÃ´nomo @joaomenezes1604 e o Prefeito @adailtonmenossi falam sobre a 1Âª ExpoAgro de Anhumas, que comeÃ§a nessa sexta feira, dia 29, Ã s 10 horas, aqui em Anhumas na PraÃ§a Poliesportiva.
Contamos com vocÃªs!!

#anhumas #anhumassp #expoagroanhumas #expo #expoagro #agronomia #prudente #presidenteprudente",,79
Anhumas,SP,Comentario,2022-07-26 12:51:56,_graciely1,,ğŸ‘ğŸ‘,
Anhumas,SP,Comentario,2022-07-26 13:37:29,meuhote,,Que fantÃ¡stico! Esse serÃ¡ com certeza o melhor evento que nossa regiÃ£o jÃ¡ teve. Vamos lotar!!!!!,
Anhumas,SP,Comentario,2022-07-26 13:38:08,meuhote,,O Agro como sempre levando o progresso e o desenvolvimento.,
Anhumas,SP,Comentario,2022-07-26 14:21:01,nataliamarrafao,,ğŸ‘ğŸ‘ğŸ‘ğŸ‘,
Anhumas,SP,Comentario,2022-07-26 15:12:38,victor.ribeiro10,,FantÃ¡stico sempre visando melhorias a todos produtos rurais e Ã  populaÃ§Ã£o no geral.ğŸ‘ğŸ‘ğŸ‘ğŸ‘,
Anhumas,SP,Post,2022-07-26 10:30:06,municipiodeanhumas,"Na Expoagro Anhumas vocÃªs terÃ£o 2 dias para aproveitar o melhor do AgronegÃ³cio, oportunidade e conhecimento, ao alcance de todos.
Venha conferir... Esperamos por vocÃªs!!

#expoagro #expoagroanhumas #expo #anhumas #anhumassp #feiradenegocios #agropecuaria #agronaopara #agricultor #agricultores #presidenteprudente #prudente #prudenteeregiao #negociolocal",,48
Anhumas,SP,Post,2022-07-26 03:09:20,municipiodeanhumas,"PROJETO COMPREENDER PARA INCLUIR:
Habilidades Comportamentais .

O Departamento de EducaÃ§Ã£o (DEM ) de Anhumas, por meio da Equipe multidisciplinar do Sistema Municipal de EducaÃ§Ã£o , apresentou no dia 22/07/2022 para os funcionÃ¡rios municipais da EducaÃ§Ã£o o projeto ""Compreender para Incluir"" 
O objetivo de fortalecer a perspectiva da inclusÃ£o na comunidade escolar de nosso MunicÃ­pio, visando a construÃ§Ã£o coletiva de reflexÃµes e mudanÃ§a de paradigmas.

#anhumas #anhumassp #educaÃ§Ã£o #projeto #estudar",,43
Anhumas,SP,Post,2022-07-25 10:30:03,municipiodeanhumas,"E olha sÃ³ o Professor...
Isso mesmo, a Escolinha de Futebol de Anhumas, terÃ¡ o ZÃ© Carlos, ex lateral da seleÃ§Ã£o Brasileira, como Professor dos nossos novos craques...
NÃ£o fique de fora!!

Mais informaÃ§Ãµes, na Assessoria Municipal de Esportes.

#anhumas #anhumassp #futebol #futebolarte #escolinhadefutebol #jogodasestrelas",,37
Anhumas,SP,Post,2022-07-23 22:10:56,municipiodeanhumas,"A molecada se divertiu hoje no Festival de Pipas e vibraram com os trofÃ©us das 5 categorias. 
ParabÃ©ns aos envolvidos e atÃ©  a prÃ³xima!!!

#anhumas #anhumassp #Festival #festivaldepipas #pipa #papagaio #crianÃ§as #criancas #criancafeliz",,53
Anhumas,SP,Comentario,2022-07-23 22:14:34,victor.ribeiro10,,ğŸ‘ğŸ‘ğŸ‘ğŸ‘ğŸ‘,
Anhumas,SP,Post,2022-07-23 20:47:09,municipiodeanhumas,"Alegria tem aqui, um show da equipe e melhor idade do CRAS.

Mais fotos na nossa pagina do Facebook
https://www.facebook.com/municipiodeanhumas

#anhumas #anhumassp #cras #crasanhumas #festa #festajulina #arraia",,41
Anhumas,SP,Post,2022-07-23 02:19:41,municipiodeanhumas,"O ArraiÃ¡ do CRAS realizou uma festanÃ§a para receber os amigos vizinhos de MunicÃ­pio.

Mais fotos na nossa pagina do Facebook
@municipiodeanhumas 

#anhumas #anhumassp #cras #crasanhumas #festa #festajulina #arraia",,30
Anhumas,SP,Comentario,2022-07-23 10:59:20,juliacristinagil.gil,,Como sempre tudo perfeito...,
Anhumas,SP,Comentario,2022-07-23 11:04:42,erika.sa40,,ğŸ‘ğŸ‘ğŸ‘ğŸ‘ğŸ‘ğŸ‘,
Anhumas,SP,Comentario,2022-07-23 12:14:54,liaediego,,Chic parabÃ©ns @iara_ricci @rose.evange vcs arrasam sempre ğŸ‘ğŸ»ğŸ‘ğŸ»ğŸ‘ğŸ»ğŸ‘ğŸ»ğŸ¥°,
Anhumas,SP,Post,2022-07-22 14:24:21,municipiodeanhumas,"AtenÃ§Ã£o professores e estudantes de pedagogia.

O Departamento Municipal de EducaÃ§Ã£o de Anhumas estÃ¡ com inscriÃ§Ãµes abertas a partir de 25/07 atÃ© 29/07 para selecionar Assistente de AlfabetizaÃ§Ã£o VoluntÃ¡rio para trabalhar nas turmas de 1Â° e 2Â°anos. A seleÃ§Ã£o faz parte da adesÃ£o ao Programa Tempo de Aprender cujo propÃ³sito Ã© melhorar a qualidade da alfabetizaÃ§Ã£o nas escolas pÃºblicas do paÃ­s.
Maiores informaÃ§Ãµes no Departamento Municipal de EducaÃ§Ã£o.

#anhumas #anhumassp #educaÃ§Ã£o #pedagogia #professor",,9
Anhumas,SP,Post,2022-07-21 15:00:09,municipiodeanhumas,"ALERTA
Compartilhe essa informaÃ§Ã£o!!

Mantenha quintal e terrenos limpos, sem entulho.
Afaste esse mal.

#anhumas #anhumassp #visa ##vigilÃ¢nciasanitÃ¡ria #agosto #escorpiao",,11
Anhumas,SP,Comentario,2022-07-21 15:09:43,deniserodri__,,Essas pragas se reproduzem o ano todo...Tenho encontrado filhote em qualquer Ã©poca do ano...,
Anhumas,SP,Post,2022-07-21 13:55:24,municipiodeanhumas,"Ã‰ amanhÃ£!!! 22 de Julho
Campanha de VacinaÃ§Ã£o dose adicional COVID-19
UBS Centro",,4
Anhumas,SP,Post,2022-07-21 10:30:08,municipiodeanhumas,"CURSO DE COSTURA
Venha fazer sua inscriÃ§Ã£o no Fundo Social
Vagas limitadas (com critÃ©rio)

#anhumas #anhumassp #corteecostura #costura #curso #aprender #escoladamoda",,14
Anhumas,SP,Post,2022-07-20 15:29:52,municipiodeanhumas,"EXPOAGRO ANHUMAS 2022.

#anhumas #anhumassp #expo #expoagro #expoagroanhumas",,47
Anhumas,SP,Comentario,2022-07-21 13:06:09,diogosilva270,,Como faÃ§o pra compra ingresso chama no PV por favor,
