emoji,position,negativo,neutro,positivo,score,unicode_name,unicode_block,unicode
â”Š,0.682,0.014,0.014,0.972,0.958,BOX DRAWINGS LIGHT QUADRUPLE DASH VERTICAL,Box Drawing,b'\\u250a'
ğŸ,0.417,0.019,0.056,0.926,0.907,JAPANESE DOLLS,Miscellaneous Symbols and Pictographs,b'\\U0001f38e'
â–ƒ,0.373,0.032,0.032,0.935,0.903,LOWER THREE EIGHTHS BLOCK,Block Elements,b'\\u2583'
â™¨,0.665,0.032,0.065,0.903,0.871,HOT SPRINGS,Miscellaneous Symbols,b'\\u2668'
ğŸ”…,0.635,0.056,0.056,0.889,0.833,LOW BRIGHTNESS SYMBOL,Miscellaneous Symbols and Pictographs,b'\\U0001f505'
ğŸ§,0.888,0.067,0.067,0.867,0.800,AUTOMATED TELLER MACHINE,Miscellaneous Symbols and Pictographs,b'\\U0001f3e7'
âœ°,0.195,0.034,0.138,0.828,0.793,SHADOWED WHITE STAR,Dingbats,b'\\u2730'
ğŸŒ¼,0.604,0.026,0.169,0.805,0.779,BLOSSOM,Miscellaneous Symbols and Pictographs,b'\\U0001f33c'
ğŸ˜™,0.876,0.021,0.180,0.799,0.778,KISSING FACE WITH SMILING EYES,Emoticons,b'\\U0001f619'
ğŸ””,0.713,0.077,0.077,0.846,0.769,BELL,Miscellaneous Symbols and Pictographs,b'\\U0001f514'
ğŸ,0.709,0.041,0.158,0.801,0.759,WRAPPED PRESENT,Miscellaneous Symbols and Pictographs,b'\\U0001f381'
â—¤,0.669,0.083,0.083,0.833,0.750,BLACK UPPER LEFT TRIANGLE,Geometric Shapes,b'\\u25e4'
ğŸ†”,0.479,0.063,0.125,0.813,0.750,SQUARED ID,Enclosed Alphanumeric Supplement,b'\\U0001f194'
â¤,0.747,0.044,0.166,0.790,0.746,HEAVY BLACK HEART,Dingbats,b'\\u2764'
ğŸ’,0.829,0.041,0.180,0.780,0.739,REVOLVING HEARTS,Miscellaneous Symbols and Pictographs,b'\\U0001f49e'
ğŸ‰,0.744,0.039,0.184,0.777,0.738,PARTY POPPER,Miscellaneous Symbols and Pictographs,b'\\U0001f389'
ğŸ’,0.728,0.041,0.184,0.776,0.735,BOUQUET,Miscellaneous Symbols and Pictographs,b'\\U0001f490'
ğŸ’ƒ,0.853,0.045,0.177,0.779,0.734,DANCER,Miscellaneous Symbols and Pictographs,b'\\U0001f483'
ğŸ’™,0.703,0.033,0.204,0.763,0.730,BLUE HEART,Miscellaneous Symbols and Pictographs,b'\\U0001f499'
ğŸ†,0.706,0.036,0.203,0.761,0.726,TROPHY,Miscellaneous Symbols and Pictographs,b'\\U0001f3c6'
ğŸŠ,0.724,0.057,0.164,0.779,0.721,CONFETTI BALL,Miscellaneous Symbols and Pictographs,b'\\U0001f38a'
ğŸˆ,0.719,0.018,0.246,0.736,0.718,BALLOON,Miscellaneous Symbols and Pictographs,b'\\U0001f388'
ğŸ’–,0.762,0.043,0.201,0.755,0.712,SPARKLING HEART,Miscellaneous Symbols and Pictographs,b'\\U0001f496'
ğŸ˜š,0.853,0.049,0.192,0.759,0.710,KISSING FACE WITH CLOSED EYES,Emoticons,b'\\U0001f61a'
ğŸ†,0.799,0.055,0.182,0.764,0.709,FIREWORKS,Miscellaneous Symbols and Pictographs,b'\\U0001f386'
ğŸ’›,0.752,0.043,0.205,0.752,0.709,YELLOW HEART,Miscellaneous Symbols and Pictographs,b'\\U0001f49b'
ğŸ˜˜,0.854,0.053,0.193,0.754,0.701,FACE THROWING A KISS,Emoticons,b'\\U0001f618'
ğŸšœ,0.767,0.100,0.100,0.800,0.700,TRACTOR,Transport and Map Symbols,b'\\U0001f69c'
ğŸ‘‘,0.699,0.043,0.219,0.738,0.694,CROWN,Miscellaneous Symbols and Pictographs,b'\\U0001f451'
ğŸ’‹,0.801,0.039,0.231,0.730,0.691,KISS MARK,Miscellaneous Symbols and Pictographs,b'\\U0001f48b'
ğŸš¹,0.812,0.069,0.172,0.759,0.690,MENS SYMBOL,Transport and Map Symbols,b'\\U0001f6b9'
ğŸŸ,0.677,0.049,0.213,0.738,0.689,FISH,Miscellaneous Symbols and Pictographs,b'\\U0001f41f'
ğŸ­,0.823,0.021,0.271,0.708,0.688,MOUSE FACE,Miscellaneous Symbols and Pictographs,b'\\U0001f42d'
ğŸ’˜,0.785,0.048,0.221,0.731,0.683,HEART WITH ARROW,Miscellaneous Symbols and Pictographs,b'\\U0001f498'
ğŸ’Ÿ,0.788,0.061,0.197,0.742,0.682,HEART DECORATION,Miscellaneous Symbols and Pictographs,b'\\U0001f49f'
ğŸ‡,0.821,0.080,0.160,0.760,0.680,FIREWORK SPARKLER,Miscellaneous Symbols and Pictographs,b'\\U0001f387'
ğŸ˜,0.765,0.052,0.219,0.729,0.678,SMILING FACE WITH HEART-SHAPED EYES,Emoticons,b'\\U0001f60d'
ğŸ“,0.689,0.041,0.247,0.711,0.670,STRAWBERRY,Miscellaneous Symbols and Pictographs,b'\\U0001f353'
â™¡,0.764,0.052,0.227,0.721,0.669,WHITE HEART SUIT,Miscellaneous Symbols,b'\\u2661'
ğŸ‡·,0.716,0.044,0.244,0.711,0.667,REGIONAL INDICATOR SYMBOL LETTER R,Enclosed Alphanumeric Supplement,b'\\U0001f1f7'
ğŸ“„,0.624,0.111,0.111,0.778,0.667,PAGE FACING UP,Miscellaneous Symbols and Pictographs,b'\\U0001f4c4'
ğŸš³,0.103,0.111,0.111,0.778,0.667,NO BICYCLES,Transport and Map Symbols,b'\\U0001f6b3'
ğŸ’“,0.783,0.061,0.214,0.725,0.664,BEATING HEART,Miscellaneous Symbols and Pictographs,b'\\U0001f493'
ğŸ¹,0.764,0.048,0.246,0.706,0.659,TROPICAL DRINK,Miscellaneous Symbols and Pictographs,b'\\U0001f379'
ğŸ’‘,0.683,0.071,0.200,0.729,0.659,COUPLE WITH HEART,Miscellaneous Symbols and Pictographs,b'\\U0001f491'
ğŸš´,0.573,0.029,0.286,0.686,0.657,BICYCLIST,Transport and Map Symbols,b'\\U0001f6b4'
ğŸ’—,0.800,0.051,0.241,0.708,0.657,GROWING HEART,Miscellaneous Symbols and Pictographs,b'\\U0001f497'
â™¥,0.754,0.035,0.272,0.693,0.657,BLACK HEART SUIT,Miscellaneous Symbols,b'\\u2665'
â˜º,0.799,0.062,0.218,0.720,0.657,WHITE SMILING FACE,Miscellaneous Symbols,b'\\u263a'
ğŸ’š,0.737,0.078,0.189,0.733,0.656,GREEN HEART,Miscellaneous Symbols and Pictographs,b'\\U0001f49a'
ğŸ’œ,0.731,0.045,0.257,0.699,0.654,PURPLE HEART,Miscellaneous Symbols and Pictographs,b'\\U0001f49c'
ğŸŒ¸,0.570,0.040,0.270,0.690,0.650,CHERRY BLOSSOM,Miscellaneous Symbols and Pictographs,b'\\U0001f338'
â†¿,0.711,0.010,0.333,0.657,0.648,UPWARDS HARPOON WITH BARB LEFTWARDS,Arrows,b'\\u21bf'
ğŸŒ,0.421,0.059,0.235,0.706,0.647,SNAIL,Miscellaneous Symbols and Pictographs,b'\\U0001f40c'
ğŸ·,0.760,0.059,0.235,0.706,0.647,SAXOPHONE,Miscellaneous Symbols and Pictographs,b'\\U0001f3b7'
â†¾,0.707,0.010,0.333,0.657,0.646,UPWARDS HARPOON WITH BARB RIGHTWARDS,Arrows,b'\\u21be'
ğŸ’,0.774,0.076,0.203,0.720,0.644,HEART WITH RIBBON,Miscellaneous Symbols and Pictographs,b'\\U0001f49d'
ğŸ˜Š,0.813,0.060,0.237,0.704,0.644,SMILING FACE WITH SMILING EYES,Emoticons,b'\\U0001f60a'
ğŸš¨,0.521,0.121,0.121,0.759,0.638,POLICE CARS REVOLVING LIGHT,Transport and Map Symbols,b'\\U0001f6a8'
â›³,0.660,0.091,0.182,0.727,0.636,FLAG IN HOLE,Miscellaneous Symbols,b'\\u26f3'
ğŸ’•,0.766,0.042,0.285,0.674,0.632,TWO HEARTS,Miscellaneous Symbols and Pictographs,b'\\U0001f495'
ğŸ˜‹,0.765,0.046,0.277,0.677,0.631,FACE SAVOURING DELICIOUS FOOD,Emoticons,b'\\U0001f60b'
ğŸ€,0.652,0.044,0.283,0.673,0.629,RIBBON,Miscellaneous Symbols and Pictographs,b'\\U0001f380'
ğŸ‘³,0.816,0.143,0.095,0.762,0.619,MAN WITH TURBAN,Miscellaneous Symbols and Pictographs,b'\\U0001f473'
ğŸ˜»,0.730,0.069,0.243,0.688,0.619,SMILING CAT FACE WITH HEART-SHAPED EYES,Emoticons,b'\\U0001f63b'
âš½,0.193,0.053,0.278,0.669,0.616,SOCCER BALL,Miscellaneous Symbols,b'\\u26bd'
ğŸ‡ª,0.699,0.027,0.330,0.643,0.616,REGIONAL INDICATOR SYMBOL LETTER E,Enclosed Alphanumeric Supplement,b'\\U0001f1ea'
ğŸ“´,0.982,0.154,0.077,0.769,0.615,MOBILE PHONE OFF,Miscellaneous Symbols and Pictographs,b'\\U0001f4f4'
â—¢,0.572,0.077,0.231,0.692,0.615,BLACK LOWER RIGHT TRIANGLE,Geometric Shapes,b'\\u25e2'
ğŸ‚,0.748,0.083,0.221,0.696,0.613,BIRTHDAY CAKE,Miscellaneous Symbols and Pictographs,b'\\U0001f382'
ğŸ‡©,0.745,0.037,0.315,0.648,0.611,REGIONAL INDICATOR SYMBOL LETTER D,Enclosed Alphanumeric Supplement,b'\\U0001f1e9'
ğŸ’¿,0.444,0.028,0.333,0.639,0.611,OPTICAL DISC,Miscellaneous Symbols and Pictographs,b'\\U0001f4bf'
ğŸŒ–,0.535,0.056,0.278,0.667,0.611,WANING GIBBOUS MOON SYMBOL,Miscellaneous Symbols and Pictographs,b'\\U0001f316'
ğŸ˜—,0.714,0.111,0.167,0.722,0.611,KISSING FACE,Emoticons,b'\\U0001f617'
ğŸŒ—,0.547,0.056,0.278,0.667,0.611,LAST QUARTER MOON SYMBOL,Miscellaneous Symbols and Pictographs,b'\\U0001f317'
ğŸ¾,0.739,0.111,0.173,0.716,0.605,PAW PRINTS,Miscellaneous Symbols and Pictographs,b'\\U0001f43e'
ğŸ‘¸,0.654,0.061,0.272,0.667,0.605,PRINCESS,Miscellaneous Symbols and Pictographs,b'\\U0001f478'
ğŸ˜›,0.734,0.085,0.229,0.686,0.601,FACE WITH STUCK-OUT TONGUE,Emoticons,b'\\U0001f61b'
â…,0.247,0.100,0.200,0.700,0.600,TIGHT TRIFOLIATE SNOWFLAKE,Dingbats,b'\\u2745'
ğŸŒ¹,0.664,0.023,0.354,0.623,0.600,ROSE,Miscellaneous Symbols and Pictographs,b'\\U0001f339'
ğŸ’¡,0.598,0.067,0.267,0.667,0.600,ELECTRIC LIGHT BULB,Miscellaneous Symbols and Pictographs,b'\\U0001f4a1'
ğŸš¿,0.669,0.100,0.200,0.700,0.600,SHOWER,Transport and Map Symbols,b'\\U0001f6bf'
ğŸ‰,0.648,0.079,0.245,0.676,0.597,WATERMELON,Miscellaneous Symbols and Pictographs,b'\\U0001f349'
ğŸƒ,0.724,0.083,0.238,0.679,0.595,JACK-O-LANTERN,Miscellaneous Symbols and Pictographs,b'\\U0001f383'
ğŸ‡®,0.576,0.027,0.351,0.622,0.595,REGIONAL INDICATOR SYMBOL LETTER I,Enclosed Alphanumeric Supplement,b'\\U0001f1ee'
ğŸŒ,0.624,0.085,0.239,0.676,0.592,EARTH GLOBE EUROPE-AFRICA,Miscellaneous Symbols and Pictographs,b'\\U0001f30d'
ğŸŒ“,0.458,0.045,0.318,0.636,0.591,FIRST QUARTER MOON SYMBOL,Miscellaneous Symbols and Pictographs,b'\\U0001f313'
ğŸŒ™,0.669,0.066,0.279,0.656,0.590,CRESCENT MOON,Miscellaneous Symbols and Pictographs,b'\\U0001f319'
ğŸ˜‡,0.782,0.072,0.268,0.659,0.587,SMILING FACE WITH HALO,Emoticons,b'\\U0001f607'
ğŸ®,0.847,0.065,0.283,0.652,0.587,COW FACE,Miscellaneous Symbols and Pictographs,b'\\U0001f42e'
ğŸ°,0.708,0.086,0.241,0.672,0.586,RABBIT FACE,Miscellaneous Symbols and Pictographs,b'\\U0001f430'
ğŸ¥,0.780,0.071,0.271,0.657,0.586,FRONT-FACING BABY CHICK,Miscellaneous Symbols and Pictographs,b'\\U0001f425'
ğŸº,0.646,0.167,0.083,0.750,0.583,TRUMPET,Miscellaneous Symbols and Pictographs,b'\\U0001f3ba'
Â¦,0.402,0.186,0.047,0.767,0.581,BROKEN BAR,Latin-1 Supplement,b'\\xa6'
â­,0.601,0.037,0.346,0.617,0.580,WHITE MEDIUM STAR,Miscellaneous Symbols and Arrows,b'\\u2b50'
ğŸ‡¹,0.584,0.026,0.368,0.605,0.579,REGIONAL INDICATOR SYMBOL LETTER T,Enclosed Alphanumeric Supplement,b'\\U0001f1f9'
ğŸŒ”,0.447,0.053,0.316,0.632,0.579,WAXING GIBBOUS MOON SYMBOL,Miscellaneous Symbols and Pictographs,b'\\U0001f314'
ğŸŒ˜,0.578,0.053,0.316,0.632,0.579,WANING CRESCENT MOON SYMBOL,Miscellaneous Symbols and Pictographs,b'\\U0001f318'
ğŸ¶,0.654,0.086,0.252,0.662,0.576,DOG FACE,Miscellaneous Symbols and Pictographs,b'\\U0001f436'
ğŸŠ,0.653,0.038,0.350,0.613,0.575,SWIMMER,Miscellaneous Symbols and Pictographs,b'\\U0001f3ca'
âš“,0.593,0.086,0.257,0.657,0.571,ANCHOR,Miscellaneous Symbols,b'\\u2693'
ğŸ‘š,0.810,0.071,0.286,0.643,0.571,WOMANS CLOTHES,Miscellaneous Symbols and Pictographs,b'\\U0001f45a'
ğŸŒ±,0.561,0.036,0.357,0.607,0.571,SEEDLING,Miscellaneous Symbols and Pictographs,b'\\U0001f331'
ğŸ—»,0.723,0.071,0.286,0.643,0.571,MOUNT FUJI,Miscellaneous Symbols and Pictographs,b'\\U0001f5fb'
ğŸ˜½,0.754,0.132,0.165,0.703,0.571,KISSING CAT FACE WITH CLOSED EYES,Emoticons,b'\\U0001f63d'
ğŸš£,0.713,0.071,0.286,0.643,0.571,ROWBOAT,Transport and Map Symbols,b'\\U0001f6a3'
ğŸŒ»,0.607,0.019,0.393,0.589,0.570,SUNFLOWER,Miscellaneous Symbols and Pictographs,b'\\U0001f33b'
ğŸ˜€,0.786,0.086,0.260,0.654,0.568,GRINNING FACE,Emoticons,b'\\U0001f600'
ğŸ“,0.647,0.100,0.238,0.663,0.563,GRADUATION CAP,Miscellaneous Symbols and Pictographs,b'\\U0001f393'
ğŸ‘Œ,0.805,0.094,0.249,0.657,0.563,OK HAND SIGN,Miscellaneous Symbols and Pictographs,b'\\U0001f44c'
ğŸª,0.837,0.063,0.313,0.625,0.563,DROMEDARY CAMEL,Miscellaneous Symbols and Pictographs,b'\\U0001f42a'
ğŸŒ’,0.446,0.063,0.313,0.625,0.563,WAXING CRESCENT MOON SYMBOL,Miscellaneous Symbols and Pictographs,b'\\U0001f312'
ğŸ’,0.694,0.057,0.325,0.618,0.561,GEM STONE,Miscellaneous Symbols and Pictographs,b'\\U0001f48e'
ğŸ™Œ,0.791,0.101,0.238,0.661,0.559,PERSON RAISING BOTH HANDS IN CELEBRATION,Emoticons,b'\\U0001f64c'
ğŸ,0.976,0.070,0.302,0.628,0.558,RAM,Miscellaneous Symbols and Pictographs,b'\\U0001f40f'
ğŸŒ,0.709,0.024,0.394,0.582,0.558,SUN WITH FACE,Miscellaneous Symbols and Pictographs,b'\\U0001f31e'
ğŸ˜ƒ,0.735,0.072,0.299,0.629,0.557,SMILING FACE WITH OPEN MOUTH,Emoticons,b'\\U0001f603'
ğŸš,0.776,0.111,0.222,0.667,0.556,MINIBUS,Transport and Map Symbols,b'\\U0001f690'
â™Œ,0.790,0.111,0.222,0.667,0.556,LEO,Miscellaneous Symbols,b'\\u264c'
âœ˜,0.539,0.111,0.222,0.667,0.556,HEAVY BALLOT X,Dingbats,b'\\u2718'
ğŸŒ•,0.642,0.111,0.222,0.667,0.556,FULL MOON SYMBOL,Miscellaneous Symbols and Pictographs,b'\\U0001f315'
â—†,0.602,0.111,0.222,0.667,0.556,BLACK DIAMOND,Geometric Shapes,b'\\u25c6'
ğŸš¼,0.693,0.056,0.333,0.611,0.556,BABY SYMBOL,Transport and Map Symbols,b'\\U0001f6bc'
ğŸ’ª,0.807,0.072,0.301,0.627,0.555,FLEXED BICEPS,Miscellaneous Symbols and Pictographs,b'\\U0001f4aa'
ğŸ”†,0.605,0.050,0.350,0.600,0.550,HIGH BRIGHTNESS SYMBOL,Miscellaneous Symbols and Pictographs,b'\\U0001f506'
ğŸŒ›,0.680,0.050,0.350,0.600,0.550,FIRST QUARTER MOON WITH FACE,Miscellaneous Symbols and Pictographs,b'\\U0001f31b'
ğŸŒº,0.629,0.020,0.412,0.569,0.549,HIBISCUS,Miscellaneous Symbols and Pictographs,b'\\U0001f33a'
ğŸ‚,0.635,0.036,0.380,0.583,0.547,FALLEN LEAF,Miscellaneous Symbols and Pictographs,b'\\U0001f342'
â”›,0.712,0.091,0.273,0.636,0.545,BOX DRAWINGS HEAVY UP AND LEFT,Box Drawing,b'\\u251b'
ğŸ¾,0.820,0.125,0.208,0.667,0.542,TENNIS RACQUET AND BALL,Miscellaneous Symbols and Pictographs,b'\\U0001f3be'
ğŸ‡º,0.683,0.122,0.216,0.662,0.541,REGIONAL INDICATOR SYMBOL LETTER U,Enclosed Alphanumeric Supplement,b'\\U0001f1fa'
â™”,0.589,0.027,0.405,0.568,0.541,WHITE CHESS KING,Miscellaneous Symbols,b'\\u2654'
ğŸ¸,0.663,0.092,0.277,0.631,0.539,COCKTAIL GLASS,Miscellaneous Symbols and Pictographs,b'\\U0001f378'
âŒ’,0.624,0.077,0.308,0.615,0.538,ARC,Miscellaneous Technical,b'\\u2312'
ğŸŒ·,0.623,0.008,0.445,0.546,0.538,TULIP,Miscellaneous Symbols and Pictographs,b'\\U0001f337'
ğŸŒ¾,0.558,0.154,0.154,0.692,0.538,EAR OF RICE,Miscellaneous Symbols and Pictographs,b'\\U0001f33e'
ğŸŒ°,0.786,0.077,0.308,0.615,0.538,CHESTNUT,Miscellaneous Symbols and Pictographs,b'\\U0001f330'
ğŸ´,0.580,0.053,0.358,0.589,0.537,FORK AND KNIFE,Miscellaneous Symbols and Pictographs,b'\\U0001f374'
ğŸ†—,0.852,0.171,0.122,0.707,0.537,SQUARED OK,Enclosed Alphanumeric Supplement,b'\\U0001f197'
ğŸ¶,0.797,0.097,0.270,0.634,0.537,MULTIPLE MUSICAL NOTES,Miscellaneous Symbols and Pictographs,b'\\U0001f3b6'
â™ª,0.696,0.083,0.301,0.617,0.534,EIGHTH NOTE,Miscellaneous Symbols,b'\\u266a'
ğŸ„,0.633,0.067,0.335,0.598,0.531,CHRISTMAS TREE,Miscellaneous Symbols and Pictographs,b'\\U0001f384'
ğŸˆ,0.823,0.068,0.333,0.598,0.530,AMERICAN FOOTBALL,Miscellaneous Symbols and Pictographs,b'\\U0001f3c8'
ğŸŒ ,0.761,0.176,0.118,0.706,0.529,SHOOTING STAR,Miscellaneous Symbols and Pictographs,b'\\U0001f320'
â•,0.034,0.147,0.176,0.676,0.529,HEAVY PLUS SIGN,Dingbats,b'\\u2795'
ğŸ’¼,0.573,0.118,0.235,0.647,0.529,BRIEFCASE,Miscellaneous Symbols and Pictographs,b'\\U0001f4bc'
ğŸŒ´,0.676,0.077,0.320,0.602,0.525,PALM TREE,Miscellaneous Symbols and Pictographs,b'\\U0001f334'
â™©,0.792,0.048,0.381,0.571,0.524,QUARTER NOTE,Miscellaneous Symbols,b'\\u2669'
ğŸ„,0.773,0.071,0.333,0.595,0.524,SURFER,Miscellaneous Symbols and Pictographs,b'\\U0001f3c4'
ğŸ—¼,0.654,0.087,0.304,0.609,0.522,TOKYO TOWER,Miscellaneous Symbols and Pictographs,b'\\U0001f5fc'
ğŸš¬,0.805,0.123,0.233,0.644,0.521,SMOKING SYMBOL,Transport and Map Symbols,b'\\U0001f6ac'
ğŸ’,0.640,0.028,0.423,0.549,0.521,MONKEY,Miscellaneous Symbols and Pictographs,b'\\U0001f412'
ğŸ‘,0.812,0.115,0.248,0.637,0.521,THUMBS UP SIGN,Miscellaneous Symbols and Pictographs,b'\\U0001f44d'
â›„,0.739,0.077,0.325,0.598,0.521,SNOWMAN WITHOUT SNOW,Miscellaneous Symbols,b'\\u26c4'
ğŸ¤,0.838,0.080,0.320,0.600,0.520,BABY CHICK,Miscellaneous Symbols and Pictographs,b'\\U0001f424'
ğŸ‘,0.787,0.104,0.271,0.624,0.520,CLAPPING HANDS SIGN,Miscellaneous Symbols and Pictographs,b'\\U0001f44f'
ğŸŒŒ,0.751,0.120,0.240,0.640,0.520,MILKY WAY,Miscellaneous Symbols and Pictographs,b'\\U0001f30c'
ğŸ¸,0.605,0.016,0.453,0.531,0.516,GUITAR,Miscellaneous Symbols and Pictographs,b'\\U0001f3b8'
ğŸŒˆ,0.672,0.066,0.352,0.582,0.516,RAINBOW,Miscellaneous Symbols and Pictographs,b'\\U0001f308'
ğŸ‘¨,0.694,0.097,0.290,0.613,0.516,MAN,Miscellaneous Symbols and Pictographs,b'\\U0001f468'
ğŸ±,0.544,0.145,0.197,0.658,0.513,CAT FACE,Miscellaneous Symbols and Pictographs,b'\\U0001f431'
ğŸ»,0.745,0.107,0.274,0.619,0.512,CLINKING BEER MUGS,Miscellaneous Symbols and Pictographs,b'\\U0001f37b'
ğŸ‡¸,0.655,0.096,0.298,0.606,0.511,REGIONAL INDICATOR SYMBOL LETTER S,Enclosed Alphanumeric Supplement,b'\\U0001f1f8'
â„,0.760,0.099,0.295,0.605,0.506,SNOWFLAKE,Dingbats,b'\\u2744'
ğŸ’Œ,0.805,0.150,0.200,0.650,0.500,LOVE LETTER,Miscellaneous Symbols and Pictographs,b'\\U0001f48c'
ğŸ’«,0.614,0.040,0.419,0.540,0.500,DIZZY SYMBOL,Miscellaneous Symbols and Pictographs,b'\\U0001f4ab'
ğŸ‘™,0.697,0.100,0.300,0.600,0.500,BIKINI,Miscellaneous Symbols and Pictographs,b'\\U0001f459'
ğŸš„,0.700,0.100,0.300,0.600,0.500,HIGH-SPEED TRAIN,Transport and Map Symbols,b'\\U0001f684'
âœ,0.547,0.100,0.300,0.600,0.500,LOWER RIGHT PENCIL,Dingbats,b'\\u270e'
ğŸ ,0.642,0.077,0.346,0.577,0.500,HOUSE BUILDING,Miscellaneous Symbols and Pictographs,b'\\U0001f3e0'
ğŸ’’,0.794,0.083,0.333,0.583,0.500,WEDDING,Miscellaneous Symbols and Pictographs,b'\\U0001f492'
ğŸ™†,0.840,0.092,0.316,0.592,0.500,FACE WITH OK GESTURE,Emoticons,b'\\U0001f646'
ğŸ‰,0.837,0.071,0.357,0.571,0.500,RUGBY FOOTBALL,Miscellaneous Symbols and Pictographs,b'\\U0001f3c9'
ğŸ‘¢,0.994,0.125,0.250,0.625,0.500,WOMANS BOOTS,Miscellaneous Symbols and Pictographs,b'\\U0001f462'
â›µ,0.324,0.100,0.300,0.600,0.500,SAILBOAT,Miscellaneous Symbols,b'\\u26f5'
ğŸµ,0.715,0.106,0.288,0.606,0.500,MUSICAL NOTE,Miscellaneous Symbols and Pictographs,b'\\U0001f3b5'
ğŸŒœ,0.604,0.050,0.400,0.550,0.500,LAST QUARTER MOON WITH FACE,Miscellaneous Symbols and Pictographs,b'\\U0001f31c'
ğŸŒ‰,0.848,0.100,0.300,0.600,0.500,BRIDGE AT NIGHT,Miscellaneous Symbols and Pictographs,b'\\U0001f309'
ğŸŒ‡,0.543,0.063,0.375,0.563,0.500,SUNSET OVER BUILDINGS,Miscellaneous Symbols and Pictographs,b'\\U0001f307'
ğŸ‘¤,0.786,0.125,0.250,0.625,0.500,BUST IN SILHOUETTE,Miscellaneous Symbols and Pictographs,b'\\U0001f464'
ğŸŒŠ,0.780,0.092,0.316,0.592,0.500,WATER WAVE,Miscellaneous Symbols and Pictographs,b'\\U0001f30a'
ğŸ,0.618,0.042,0.417,0.542,0.500,CHEQUERED FLAG,Miscellaneous Symbols and Pictographs,b'\\U0001f3c1'
â–²,0.338,0.100,0.300,0.600,0.500,BLACK UP-POINTING TRIANGLE,Geometric Shapes,b'\\u25b2'
ğŸº,0.682,0.067,0.373,0.560,0.493,BEER MUG,Miscellaneous Symbols and Pictographs,b'\\U0001f37a'
ğŸ˜,0.766,0.106,0.297,0.597,0.491,SMILING FACE WITH SUNGLASSES,Emoticons,b'\\U0001f60e'
ğŸš€,0.698,0.070,0.372,0.558,0.488,ROCKET,Transport and Map Symbols,b'\\U0001f680'
ğŸŒ³,0.536,0.086,0.343,0.571,0.486,DECIDUOUS TREE,Miscellaneous Symbols and Pictographs,b'\\U0001f333'
ğŸ‘°,0.787,0.114,0.286,0.600,0.486,BRIDE WITH VEIL,Miscellaneous Symbols and Pictographs,b'\\U0001f470'
â›”,0.406,0.088,0.338,0.574,0.485,NO ENTRY,Miscellaneous Symbols,b'\\u26d4'
ğŸ™‹,0.733,0.130,0.255,0.615,0.485,HAPPY PERSON RAISING ONE HAND,Emoticons,b'\\U0001f64b'
ğŸ˜Œ,0.847,0.141,0.237,0.623,0.482,RELIEVED FACE,Emoticons,b'\\U0001f60c'
ğŸ,0.624,0.037,0.445,0.518,0.482,MAPLE LEAF,Miscellaneous Symbols and Pictographs,b'\\U0001f341'
ğŸ’,0.808,0.148,0.226,0.626,0.478,RING,Miscellaneous Symbols and Pictographs,b'\\U0001f48d'
ğŸµ,0.631,0.087,0.348,0.565,0.478,MONKEY FACE,Miscellaneous Symbols and Pictographs,b'\\U0001f435'
ğŸ¤,0.671,0.122,0.279,0.599,0.476,MICROPHONE,Miscellaneous Symbols and Pictographs,b'\\U0001f3a4'
ğŸ£,0.776,0.155,0.214,0.631,0.476,HATCHING CHICK,Miscellaneous Symbols and Pictographs,b'\\U0001f423'
ğŸ¯,0.550,0.049,0.427,0.524,0.476,TIGER FACE,Miscellaneous Symbols and Pictographs,b'\\U0001f42f'
ğŸ”,0.798,0.088,0.350,0.562,0.474,TOP WITH UPWARDS ARROW ABOVE,Miscellaneous Symbols and Pictographs,b'\\U0001f51d'
ğŸ‡«,0.718,0.053,0.421,0.526,0.474,REGIONAL INDICATOR SYMBOL LETTER F,Enclosed Alphanumeric Supplement,b'\\U0001f1eb'
â™»,0.439,0.053,0.421,0.526,0.474,BLACK UNIVERSAL RECYCLING SYMBOL,Miscellaneous Symbols,b'\\u267b'
ğŸ‘„,0.592,0.077,0.372,0.551,0.474,MOUTH,Miscellaneous Symbols and Pictographs,b'\\U0001f444'
ğŸ’¦,0.779,0.141,0.247,0.612,0.471,SPLASHING SWEAT SYMBOL,Miscellaneous Symbols and Pictographs,b'\\U0001f4a6'
â™§,0.775,0.059,0.412,0.529,0.471,WHITE CLUB SUIT,Miscellaneous Symbols,b'\\u2667'
ğŸ¢,0.826,0.118,0.294,0.588,0.471,ROLLER COASTER,Miscellaneous Symbols and Pictographs,b'\\U0001f3a2'
ğŸ,0.583,0.170,0.191,0.638,0.468,PINEAPPLE,Miscellaneous Symbols and Pictographs,b'\\U0001f34d'
â¬…,0.663,0.067,0.400,0.533,0.467,LEFTWARDS BLACK ARROW,Miscellaneous Symbols and Arrows,b'\\u2b05'
â˜€,0.546,0.028,0.479,0.493,0.465,BLACK SUN WITH RAYS,Miscellaneous Symbols,b'\\u2600'
â–¬,0.335,0.012,0.512,0.476,0.464,BLACK RECTANGLE,Geometric Shapes,b'\\u25ac'
ğŸŒš,0.760,0.159,0.219,0.623,0.464,NEW MOON WITH FACE,Miscellaneous Symbols and Pictographs,b'\\U0001f31a'
ğŸ‘­,0.667,0.143,0.252,0.605,0.463,TWO WOMEN HOLDING HANDS,Miscellaneous Symbols and Pictographs,b'\\U0001f46d'
ğŸ˜‰,0.845,0.100,0.337,0.563,0.463,WINKING FACE,Emoticons,b'\\U0001f609'
âœŒ,0.790,0.113,0.310,0.576,0.463,VICTORY HAND,Dingbats,b'\\u270c'
â›º,0.906,0.154,0.231,0.615,0.462,TENT,Miscellaneous Symbols,b'\\u26fa'
ğŸ’,0.614,0.154,0.231,0.615,0.462,SCHOOL SATCHEL,Miscellaneous Symbols and Pictographs,b'\\U0001f392'
ğŸ‘…,0.738,0.124,0.290,0.585,0.461,TONGUE,Miscellaneous Symbols and Pictographs,b'\\U0001f445'
ğŸ™Š,0.741,0.135,0.272,0.593,0.459,SPEAK-NO-EVIL MONKEY,Emoticons,b'\\U0001f64a'
ğŸ¦,0.630,0.143,0.255,0.602,0.459,SOFT ICE CREAM,Miscellaneous Symbols and Pictographs,b'\\U0001f366'
ğŸŒ‘,0.604,0.125,0.292,0.583,0.458,NEW MOON SYMBOL,Miscellaneous Symbols and Pictographs,b'\\U0001f311'
ğŸ§,0.540,0.042,0.460,0.498,0.456,PENGUIN,Miscellaneous Symbols and Pictographs,b'\\U0001f427'
ğŸ—,0.757,0.091,0.364,0.545,0.455,BOAR,Miscellaneous Symbols and Pictographs,b'\\U0001f417'
ğŸ¼,0.890,0.182,0.182,0.636,0.455,BABY BOTTLE,Miscellaneous Symbols and Pictographs,b'\\U0001f37c'
â‡¨,0.541,0.045,0.455,0.500,0.455,RIGHTWARDS WHITE ARROW,Arrows,b'\\u21e8'
â—‹,0.625,0.091,0.364,0.545,0.455,WHITE CIRCLE,Geometric Shapes,b'\\u25cb'
ğŸ˜œ,0.822,0.112,0.322,0.566,0.455,FACE WITH STUCK-OUT TONGUE AND WINKING EYE,Emoticons,b'\\U0001f61c'
â™¦,0.562,0.109,0.328,0.563,0.453,BLACK DIAMOND SUIT,Miscellaneous Symbols,b'\\u2666'
ğŸš,0.637,0.226,0.097,0.677,0.452,COOKED RICE,Miscellaneous Symbols and Pictographs,b'\\U0001f35a'
âšª,0.565,0.025,0.500,0.475,0.450,MEDIUM WHITE CIRCLE,Miscellaneous Symbols,b'\\u26aa'
â›…,0.616,0.125,0.300,0.575,0.450,SUN BEHIND CLOUD,Miscellaneous Symbols,b'\\u26c5'
ğŸ˜,0.796,0.127,0.296,0.577,0.449,GRINNING FACE WITH SMILING EYES,Emoticons,b'\\U0001f601'
ğŸ°,0.783,0.161,0.230,0.609,0.448,SHORTCAKE,Miscellaneous Symbols and Pictographs,b'\\U0001f370'
â”£,0.487,0.111,0.333,0.556,0.444,BOX DRAWINGS HEAVY VERTICAL AND RIGHT,Box Drawing,b'\\u2523'
ğŸœ,0.880,0.111,0.333,0.556,0.444,ANT,Miscellaneous Symbols and Pictographs,b'\\U0001f41c'
ğŸ¨,0.696,0.139,0.278,0.583,0.444,KOALA,Miscellaneous Symbols and Pictographs,b'\\U0001f428'
â”“,0.515,0.111,0.333,0.556,0.444,BOX DRAWINGS HEAVY DOWN AND LEFT,Box Drawing,b'\\u2513'
ğŸ‹,0.786,0.222,0.111,0.667,0.444,TANABATA TREE,Miscellaneous Symbols and Pictographs,b'\\U0001f38b'
ğŸŒ½,0.649,0.133,0.289,0.578,0.444,EAR OF MAIZE,Miscellaneous Symbols and Pictographs,b'\\U0001f33d'
ğŸŒ‹,0.380,0.111,0.333,0.556,0.444,VOLCANO,Miscellaneous Symbols and Pictographs,b'\\U0001f30b'
ğŸ—¿,0.942,0.098,0.361,0.541,0.443,MOYAI,Miscellaneous Symbols and Pictographs,b'\\U0001f5ff'
ğŸ»,0.692,0.140,0.280,0.580,0.440,BEAR FACE,Miscellaneous Symbols and Pictographs,b'\\U0001f43b'
ğŸ‘¯,0.742,0.117,0.327,0.556,0.439,WOMAN WITH BUNNY EARS,Miscellaneous Symbols and Pictographs,b'\\U0001f46f'
â— ,0.653,0.063,0.438,0.500,0.438,UPPER HALF CIRCLE,Geometric Shapes,b'\\u25e0'
â•,0.800,0.063,0.438,0.500,0.438,BOX DRAWINGS DOUBLE UP AND LEFT,Box Drawing,b'\\u255d'
â°,0.646,0.188,0.188,0.625,0.438,ALARM CLOCK,Miscellaneous Technical,b'\\u23f0'
ğŸ¡,0.744,0.154,0.256,0.590,0.436,HOUSE WITH GARDEN,Miscellaneous Symbols and Pictographs,b'\\U0001f3e1'
â—•,0.594,0.043,0.478,0.478,0.435,CIRCLE WITH ALL BUT UPPER LEFT QUADRANT BLACK,Geometric Shapes,b'\\u25d5'
ğŸ’„,0.637,0.101,0.362,0.536,0.435,LIPSTICK,Miscellaneous Symbols and Pictographs,b'\\U0001f484'
ğŸŒ,0.541,0.129,0.306,0.565,0.435,BANANA,Miscellaneous Symbols and Pictographs,b'\\U0001f34c'
ğŸ‘¶,0.745,0.141,0.283,0.576,0.434,BABY,Miscellaneous Symbols and Pictographs,b'\\U0001f476'
ğŸ™ˆ,0.739,0.164,0.241,0.596,0.432,SEE-NO-EVIL MONKEY,Emoticons,b'\\U0001f648'
ğŸ’Š,0.675,0.155,0.259,0.586,0.431,PILL,Miscellaneous Symbols and Pictographs,b'\\U0001f48a'
ğŸ“·,0.490,0.101,0.367,0.532,0.430,CAMERA,Miscellaneous Symbols and Pictographs,b'\\U0001f4f7'
ğŸ“¹,0.718,0.143,0.286,0.571,0.429,VIDEO CAMERA,Miscellaneous Symbols and Pictographs,b'\\U0001f4f9'
âœŠ,0.859,0.139,0.293,0.568,0.429,RAISED FIST,Dingbats,b'\\u270a'
ğŸ‘,0.779,0.143,0.286,0.571,0.429,MANS SHOE,Miscellaneous Symbols and Pictographs,b'\\U0001f45e'
â˜†,0.563,0.032,0.509,0.460,0.428,WHITE STAR,Miscellaneous Symbols,b'\\u2606'
ğŸ®,0.467,0.101,0.371,0.528,0.427,VIDEO GAME,Miscellaneous Symbols and Pictographs,b'\\U0001f3ae'
ğŸ‘ˆ,0.701,0.085,0.407,0.508,0.424,WHITE LEFT POINTING BACKHAND INDEX,Miscellaneous Symbols and Pictographs,b'\\U0001f448'
ğŸ˜,0.809,0.132,0.313,0.555,0.423,FACE WITH STUCK-OUT TONGUE AND TIGHTLY-CLOSED EYES,Emoticons,b'\\U0001f61d'
ğŸ‘µ,0.818,0.231,0.115,0.654,0.423,OLDER WOMAN,Miscellaneous Symbols and Pictographs,b'\\U0001f475'
ğŸ¬,0.747,0.079,0.421,0.500,0.421,DOLPHIN,Miscellaneous Symbols and Pictographs,b'\\U0001f42c'
ğŸ“¢,0.546,0.053,0.474,0.474,0.421,PUBLIC ADDRESS LOUDSPEAKER,Miscellaneous Symbols and Pictographs,b'\\U0001f4e2'
ğŸ¦,0.758,0.053,0.474,0.474,0.421,BIRD,Miscellaneous Symbols and Pictographs,b'\\U0001f426'
ğŸ©,0.587,0.158,0.263,0.579,0.421,LOVE HOTEL,Miscellaneous Symbols and Pictographs,b'\\U0001f3e9'
ğŸ˜„,0.795,0.137,0.305,0.558,0.421,SMILING FACE WITH OPEN MOUTH AND SMILING EYES,Emoticons,b'\\U0001f604'
ğŸ•,0.545,0.056,0.470,0.473,0.417,SLICE OF PIZZA,Miscellaneous Symbols and Pictographs,b'\\U0001f355'
ğŸ‘Ÿ,0.562,0.125,0.333,0.542,0.417,ATHLETIC SHOE,Miscellaneous Symbols and Pictographs,b'\\U0001f45f'
ğŸŠ,0.697,0.146,0.292,0.563,0.417,TANGERINE,Miscellaneous Symbols and Pictographs,b'\\U0001f34a'
ğŸ,0.721,0.083,0.417,0.500,0.417,GOAT,Miscellaneous Symbols and Pictographs,b'\\U0001f410'
ğŸ™,0.794,0.081,0.421,0.498,0.417,PERSON WITH FOLDED HANDS,Emoticons,b'\\U0001f64f'
ğŸ½,0.904,0.083,0.417,0.500,0.417,RUNNING SHIRT WITH SASH,Miscellaneous Symbols and Pictographs,b'\\U0001f3bd'
âœˆ,0.522,0.043,0.498,0.458,0.415,AIRPLANE,Dingbats,b'\\u2708'
ğŸ ,0.768,0.172,0.241,0.586,0.414,TROPICAL FISH,Miscellaneous Symbols and Pictographs,b'\\U0001f420'
ğŸ§,0.843,0.131,0.324,0.545,0.414,HEADPHONE,Miscellaneous Symbols and Pictographs,b'\\U0001f3a7'
ğŸ‘‹,0.798,0.158,0.270,0.571,0.413,WAVING HAND SIGN,Miscellaneous Symbols and Pictographs,b'\\U0001f44b'
ğŸ˜¸,0.782,0.120,0.350,0.530,0.410,GRINNING CAT FACE WITH SMILING EYES,Emoticons,b'\\U0001f638'
ğŸ˜†,0.809,0.155,0.281,0.564,0.409,SMILING FACE WITH OPEN MOUTH AND TIGHTLY-CLOSED EYES,Emoticons,b'\\U0001f606'
âœ…,0.673,0.074,0.444,0.481,0.407,WHITE HEAVY CHECK MARK,Dingbats,b'\\u2705'
ğŸƒ,0.735,0.094,0.406,0.500,0.406,RUNNER,Miscellaneous Symbols and Pictographs,b'\\U0001f3c3'
ğŸ”Š,0.652,0.096,0.404,0.500,0.404,SPEAKER WITH THREE SOUND WAVES,Miscellaneous Symbols and Pictographs,b'\\U0001f50a'
ğŸ†,0.719,0.080,0.437,0.483,0.402,AUBERGINE,Miscellaneous Symbols and Pictographs,b'\\U0001f346'
ğŸ‘•,0.795,0.133,0.333,0.533,0.400,T-SHIRT,Miscellaneous Symbols and Pictographs,b'\\U0001f455'
ğŸ”›,0.474,0.200,0.200,0.600,0.400,ON WITH EXCLAMATION MARK WITH LEFT RIGHT ARROW ABOVE,Miscellaneous Symbols and Pictographs,b'\\U0001f51b'
ğŸ’·,0.573,0.100,0.400,0.500,0.400,BANKNOTE WITH POUND SIGN,Miscellaneous Symbols and Pictographs,b'\\U0001f4b7'
â€,0.444,0.029,0.543,0.429,0.400,WHITE FLORETTE,Dingbats,b'\\u2740'
ğŸ’³,0.834,0.133,0.333,0.533,0.400,CREDIT CARD,Miscellaneous Symbols and Pictographs,b'\\U0001f4b3'
â–½,0.844,0.133,0.333,0.533,0.400,WHITE DOWN-POINTING TRIANGLE,Geometric Shapes,b'\\u25bd'
ğŸ“,0.640,0.100,0.400,0.500,0.400,TELEPHONE RECEIVER,Miscellaneous Symbols and Pictographs,b'\\U0001f4de'
ğŸ,0.698,0.120,0.360,0.520,0.400,HORSE,Miscellaneous Symbols and Pictographs,b'\\U0001f40e'
ğŸ‡²,0.787,0.100,0.400,0.500,0.400,REGIONAL INDICATOR SYMBOL LETTER M,Enclosed Alphanumeric Supplement,b'\\U0001f1f2'
ğŸ“ƒ,0.754,0.100,0.400,0.500,0.400,PAGE WITH CURL,Miscellaneous Symbols and Pictographs,b'\\U0001f4c3'
ğŸ‡±,0.713,0.067,0.467,0.467,0.400,REGIONAL INDICATOR SYMBOL LETTER L,Enclosed Alphanumeric Supplement,b'\\U0001f1f1'
ğŸ”´,0.656,0.042,0.521,0.438,0.396,LARGE RED CIRCLE,Miscellaneous Symbols and Pictographs,b'\\U0001f534'
ğŸ˜º,0.826,0.209,0.186,0.605,0.395,SMILING CAT FACE WITH OPEN MOUTH,Emoticons,b'\\U0001f63a'
ğŸœ,0.578,0.233,0.140,0.628,0.395,STEAMING BOWL,Miscellaneous Symbols and Pictographs,b'\\U0001f35c'
ğŸ·,0.604,0.057,0.493,0.450,0.393,WINE GLASS,Miscellaneous Symbols and Pictographs,b'\\U0001f377'
ğŸ‘‰,0.559,0.071,0.468,0.461,0.390,WHITE RIGHT POINTING BACKHAND INDEX,Miscellaneous Symbols and Pictographs,b'\\U0001f449'
ğŸŒƒ,0.748,0.068,0.475,0.458,0.390,NIGHT WITH STARS,Miscellaneous Symbols and Pictographs,b'\\U0001f303'
â¬‡,0.632,0.167,0.278,0.556,0.389,DOWNWARDS BLACK ARROW,Miscellaneous Symbols and Arrows,b'\\u2b07'
ğŸ’,0.729,0.181,0.250,0.569,0.388,KISS,Miscellaneous Symbols and Pictographs,b'\\U0001f48f'
ğŸ’…,0.756,0.184,0.243,0.572,0.388,NAIL POLISH,Miscellaneous Symbols and Pictographs,b'\\U0001f485'
ğŸ™,0.678,0.097,0.419,0.484,0.387,OCTOPUS,Miscellaneous Symbols and Pictographs,b'\\U0001f419'
â™•,0.621,0.032,0.548,0.419,0.387,WHITE CHESS QUEEN,Miscellaneous Symbols,b'\\u2655'
ğŸ‚,0.777,0.154,0.308,0.538,0.385,SNOWBOARDER,Miscellaneous Symbols and Pictographs,b'\\U0001f3c2'
ğŸŒ²,0.496,0.115,0.385,0.500,0.385,EVERGREEN TREE,Miscellaneous Symbols and Pictographs,b'\\U0001f332'
ğŸ˜,0.621,0.231,0.154,0.615,0.385,RICE CRACKER,Miscellaneous Symbols and Pictographs,b'\\U0001f358'
ğŸ‘¡,0.635,0.154,0.308,0.538,0.385,WOMANS SANDAL,Miscellaneous Symbols and Pictographs,b'\\U0001f461'
âœ¿,0.499,0.041,0.534,0.425,0.384,BLACK FLORETTE,Dingbats,b'\\u273f'
ğŸŒ¿,0.600,0.009,0.597,0.393,0.384,HERB,Miscellaneous Symbols and Pictographs,b'\\U0001f33f'
ğŸ©,0.709,0.145,0.327,0.527,0.382,DOUGHNUT,Miscellaneous Symbols and Pictographs,b'\\U0001f369'
ğŸ’¨,0.711,0.110,0.398,0.492,0.381,DASH SYMBOL,Miscellaneous Symbols and Pictographs,b'\\U0001f4a8'
ğŸ’µ,0.807,0.138,0.345,0.517,0.379,BANKNOTE WITH DOLLAR SIGN,Miscellaneous Symbols and Pictographs,b'\\U0001f4b5'
ğŸƒ,0.572,0.102,0.418,0.480,0.378,LEAF FLUTTERING IN WIND,Miscellaneous Symbols and Pictographs,b'\\U0001f343'
ğŸ¿,0.727,0.125,0.375,0.500,0.375,SKI AND SKI BOOT,Miscellaneous Symbols and Pictographs,b'\\U0001f3bf'
ğŸ“º,0.614,0.100,0.425,0.475,0.375,TELEVISION,Miscellaneous Symbols and Pictographs,b'\\U0001f4fa'
ğŸš²,0.583,0.083,0.458,0.458,0.375,BICYCLE,Transport and Map Symbols,b'\\U0001f6b2'
ğŸ ,0.574,0.125,0.375,0.500,0.375,CAROUSEL HORSE,Miscellaneous Symbols and Pictographs,b'\\U0001f3a0'
ğŸ’¤,0.800,0.144,0.341,0.515,0.370,SLEEPING SYMBOL,Miscellaneous Symbols and Pictographs,b'\\U0001f4a4'
ğŸ·,0.603,0.077,0.477,0.445,0.368,PIG FACE,Miscellaneous Symbols and Pictographs,b'\\U0001f437'
â”ƒ,0.496,0.091,0.455,0.455,0.364,BOX DRAWINGS HEAVY VERTICAL,Box Drawing,b'\\u2503'
ğŸµ,0.650,0.182,0.273,0.545,0.364,TEACUP WITHOUT HANDLE,Miscellaneous Symbols and Pictographs,b'\\U0001f375'
ğŸ†’,0.628,0.045,0.545,0.409,0.364,SQUARED COOL,Enclosed Alphanumeric Supplement,b'\\U0001f192'
ğŸ’¬,0.635,0.152,0.333,0.515,0.364,SPEECH BALLOON,Miscellaneous Symbols and Pictographs,b'\\U0001f4ac'
ğŸ“£,0.665,0.182,0.273,0.545,0.364,CHEERING MEGAPHONE,Miscellaneous Symbols and Pictographs,b'\\U0001f4e3'
ğŸ¬,0.784,0.205,0.227,0.568,0.364,CANDY,Miscellaneous Symbols and Pictographs,b'\\U0001f36c'
ğŸ‘¾,0.552,0.019,0.602,0.380,0.361,ALIEN MONSTER,Miscellaneous Symbols and Pictographs,b'\\U0001f47e'
ğŸ’‰,0.750,0.179,0.284,0.537,0.358,SYRINGE,Miscellaneous Symbols and Pictographs,b'\\U0001f489'
ğŸ‘›,0.696,0.179,0.286,0.536,0.357,PURSE,Miscellaneous Symbols and Pictographs,b'\\U0001f45b'
â•¦,0.220,0.071,0.500,0.429,0.357,BOX DRAWINGS DOUBLE DOWN AND HORIZONTAL,Box Drawing,b'\\u2566'
ğŸ‘ ,0.637,0.156,0.333,0.511,0.356,HIGH-HEELED SHOE,Miscellaneous Symbols and Pictographs,b'\\U0001f460'
ğŸŒ…,0.604,0.156,0.333,0.511,0.356,SUNRISE,Miscellaneous Symbols and Pictographs,b'\\U0001f305'
ğŸ¹,0.466,0.032,0.581,0.387,0.355,MUSICAL KEYBOARD,Miscellaneous Symbols and Pictographs,b'\\U0001f3b9'
ğŸ˜¼,0.856,0.194,0.258,0.548,0.355,CAT FACE WITH WRY SMILE,Emoticons,b'\\U0001f63c'
ğŸšµ,0.556,0.059,0.529,0.412,0.353,MOUNTAIN BICYCLIST,Transport and Map Symbols,b'\\U0001f6b5'
â•—,0.361,0.059,0.529,0.412,0.353,BOX DRAWINGS DOUBLE DOWN AND LEFT,Box Drawing,b'\\u2557'
ğŸ,0.623,0.108,0.432,0.459,0.351,SNAKE,Miscellaneous Symbols and Pictographs,b'\\U0001f40d'
âœ¨,0.560,0.052,0.545,0.403,0.351,SPARKLES,Dingbats,b'\\u2728'
ğŸ…,0.838,0.250,0.150,0.600,0.350,TOMATO,Miscellaneous Symbols and Pictographs,b'\\U0001f345'
ğŸ©,0.870,0.050,0.550,0.400,0.350,POODLE,Miscellaneous Symbols and Pictographs,b'\\U0001f429'
ğŸ‘£,0.639,0.115,0.426,0.459,0.344,FOOTPRINTS,Miscellaneous Symbols and Pictographs,b'\\U0001f463'
â”‚,0.483,0.007,0.642,0.350,0.343,BOX DRAWINGS LIGHT VERTICAL,Box Drawing,b'\\u2502'
â™£,0.666,0.132,0.395,0.474,0.342,BLACK CLUB SUIT,Miscellaneous Symbols,b'\\u2663'
âœ,0.625,0.105,0.447,0.447,0.342,PENCIL,Dingbats,b'\\u270f'
ğŸ“š,0.692,0.189,0.287,0.525,0.336,BOOKS,Miscellaneous Symbols and Pictographs,b'\\U0001f4da'
ğŸ‡¼,0.734,0.111,0.444,0.444,0.333,REGIONAL INDICATOR SYMBOL LETTER W,Enclosed Alphanumeric Supplement,b'\\U0001f1fc'
ğŸ‘–,0.910,0.111,0.444,0.444,0.333,JEANS,Miscellaneous Symbols and Pictographs,b'\\U0001f456'
â’º,0.815,0.111,0.444,0.444,0.333,CIRCLED LATIN CAPITAL LETTER E,Enclosed Alphanumerics,b'\\u24ba'
ğŸ”,0.845,0.194,0.278,0.528,0.333,CLOSED LOCK WITH KEY,Miscellaneous Symbols and Pictographs,b'\\U0001f510'
ğŸ”­,0.716,0.111,0.444,0.444,0.333,TELESCOPE,Miscellaneous Symbols and Pictographs,b'\\U0001f52d'
â“,0.727,0.111,0.444,0.444,0.333,CIRCLED LATIN CAPITAL LETTER L,Enclosed Alphanumerics,b'\\u24c1'
ğŸ‡´,0.676,0.056,0.556,0.389,0.333,REGIONAL INDICATOR SYMBOL LETTER O,Enclosed Alphanumeric Supplement,b'\\U0001f1f4'
âœ,0.509,0.111,0.444,0.444,0.333,SHADOWED WHITE LATIN CROSS,Dingbats,b'\\u271e'
ğŸ‘¼,0.683,0.176,0.314,0.510,0.333,BABY ANGEL,Miscellaneous Symbols and Pictographs,b'\\U0001f47c'
ğŸ”š,0.869,0.167,0.333,0.500,0.333,END WITH LEFTWARDS ARROW ABOVE,Miscellaneous Symbols and Pictographs,b'\\U0001f51a'
ğŸ»,0.721,0.083,0.500,0.417,0.333,VIOLIN,Miscellaneous Symbols and Pictographs,b'\\U0001f3bb'
ğŸ‘,0.611,0.222,0.222,0.556,0.333,POUCH,Miscellaneous Symbols and Pictographs,b'\\U0001f45d'
â˜›,0.554,0.083,0.500,0.417,0.333,BLACK RIGHT POINTING INDEX,Miscellaneous Symbols,b'\\u261b'
ğŸ™‰,0.758,0.176,0.314,0.510,0.333,HEAR-NO-EVIL MONKEY,Emoticons,b'\\U0001f649'
ğŸ«,0.770,0.067,0.533,0.400,0.333,BACTRIAN CAMEL,Miscellaneous Symbols and Pictographs,b'\\U0001f42b'
ğŸš¤,0.504,0.083,0.500,0.417,0.333,SPEEDBOAT,Transport and Map Symbols,b'\\U0001f6a4'
ğŸ‘”,0.520,0.200,0.267,0.533,0.333,NECKTIE,Miscellaneous Symbols and Pictographs,b'\\U0001f454'
ğŸ˜,0.765,0.112,0.444,0.444,0.332,SMIRKING FACE,Emoticons,b'\\U0001f60f'
ğŸ™€,0.791,0.165,0.341,0.495,0.330,WEARY CAT FACE,Emoticons,b'\\U0001f640'
ğŸŒŸ,0.655,0.059,0.554,0.386,0.327,GLOWING STAR,Miscellaneous Symbols and Pictographs,b'\\U0001f31f'
ğŸ¼,0.636,0.058,0.558,0.385,0.327,MUSICAL SCORE,Miscellaneous Symbols and Pictographs,b'\\U0001f3bc'
ğŸ’‡,0.678,0.163,0.347,0.490,0.327,HAIRCUT,Miscellaneous Symbols and Pictographs,b'\\U0001f487'
ğŸ’,0.840,0.192,0.290,0.518,0.326,INFORMATION DESK PERSON,Miscellaneous Symbols and Pictographs,b'\\U0001f481'
ğŸ‘†,0.787,0.121,0.433,0.447,0.326,WHITE UP POINTING BACKHAND INDEX,Miscellaneous Symbols and Pictographs,b'\\U0001f446'
ğŸŒ,0.681,0.143,0.393,0.464,0.321,EARTH GLOBE ASIA-AUSTRALIA,Miscellaneous Symbols and Pictographs,b'\\U0001f30f'
âœ§,0.399,0.036,0.607,0.357,0.321,WHITE FOUR POINTED STAR,Dingbats,b'\\u2727'
ğŸ,0.751,0.140,0.400,0.460,0.320,RED APPLE,Miscellaneous Symbols and Pictographs,b'\\U0001f34e'
ğŸŒ,0.743,0.128,0.426,0.447,0.319,EARTH GLOBE AMERICAS,Miscellaneous Symbols and Pictographs,b'\\U0001f30e'
ğŸ—½,0.651,0.091,0.500,0.409,0.318,STATUE OF LIBERTY,Miscellaneous Symbols and Pictographs,b'\\U0001f5fd'
ğŸ…,0.801,0.029,0.625,0.347,0.318,FATHER CHRISTMAS,Miscellaneous Symbols and Pictographs,b'\\U0001f385'
ğŸª,0.737,0.193,0.298,0.509,0.316,COOKIE,Miscellaneous Symbols and Pictographs,b'\\U0001f36a'
ğŸ‘½,0.612,0.094,0.497,0.409,0.315,EXTRATERRESTRIAL ALIEN,Miscellaneous Symbols and Pictographs,b'\\U0001f47d'
ğŸ’,0.619,0.146,0.396,0.458,0.313,CHERRIES,Miscellaneous Symbols and Pictographs,b'\\U0001f352'
âœ–,0.515,0.046,0.597,0.357,0.311,HEAVY MULTIPLICATION X,Dingbats,b'\\u2716'
â¤,0.382,0.024,0.643,0.333,0.310,BLACK RIGHTWARDS ARROWHEAD,Dingbats,b'\\u27a4'
â˜,0.760,0.144,0.402,0.454,0.309,WHITE UP POINTING INDEX,Miscellaneous Symbols,b'\\u261d'
ğŸ“»,0.726,0.154,0.385,0.462,0.308,RADIO,Miscellaneous Symbols and Pictographs,b'\\U0001f4fb'
ğŸ“±,0.720,0.096,0.500,0.404,0.308,MOBILE PHONE,Miscellaneous Symbols and Pictographs,b'\\U0001f4f1'
â˜,0.596,0.140,0.411,0.449,0.308,CLOUD,Miscellaneous Symbols,b'\\u2601'
ğŸ”µ,0.681,0.139,0.417,0.444,0.306,LARGE BLUE CIRCLE,Miscellaneous Symbols and Pictographs,b'\\U0001f535'
âœª,0.288,0.043,0.609,0.348,0.304,CIRCLED WHITE STAR,Dingbats,b'\\u272a'
â™ ,0.533,0.043,0.609,0.348,0.304,BLACK SPADE SUIT,Miscellaneous Symbols,b'\\u2660'
ğŸŸ,0.650,0.174,0.349,0.477,0.302,FRENCH FRIES,Miscellaneous Symbols and Pictographs,b'\\U0001f35f'
ğŸ§,0.675,0.233,0.233,0.535,0.302,SHAVED ICE,Miscellaneous Symbols and Pictographs,b'\\U0001f367'
ğŸ­,0.633,0.167,0.367,0.467,0.300,LOLLIPOP,Miscellaneous Symbols and Pictographs,b'\\U0001f36d'
â™¢,0.868,0.100,0.500,0.400,0.300,WHITE DIAMOND SUIT,Miscellaneous Symbols,b'\\u2662'
ğŸ”,0.627,0.100,0.500,0.400,0.300,CHICKEN,Miscellaneous Symbols and Pictographs,b'\\U0001f414'
ğŸ†,0.550,0.100,0.500,0.400,0.300,LEOPARD,Miscellaneous Symbols and Pictographs,b'\\U0001f406'
ğŸ‘“,0.514,0.037,0.630,0.333,0.296,EYEGLASSES,Miscellaneous Symbols and Pictographs,b'\\U0001f453'
ğŸ°,0.434,0.118,0.471,0.412,0.294,EUROPEAN CASTLE,Miscellaneous Symbols and Pictographs,b'\\U0001f3f0'
ğŸˆ,0.645,0.059,0.588,0.353,0.294,CAT,Miscellaneous Symbols and Pictographs,b'\\U0001f408'
ğŸ¹,0.744,0.235,0.235,0.529,0.294,HAMSTER FACE,Miscellaneous Symbols and Pictographs,b'\\U0001f439'
â•š,0.714,0.042,0.625,0.333,0.292,BOX DRAWINGS DOUBLE UP AND RIGHT,Box Drawing,b'\\u255a'
ğŸˆ¹,0.350,0.083,0.542,0.375,0.292,SQUARED CJK UNIFIED IDEOGRAPH-5272,Enclosed Ideographic Supplement,b'\\U0001f239'
ğŸ¥,0.676,0.130,0.449,0.420,0.290,MOVIE CAMERA,Miscellaneous Symbols and Pictographs,b'\\U0001f3a5'
â˜”,0.687,0.193,0.325,0.482,0.289,UMBRELLA WITH RAIN DROPS,Miscellaneous Symbols,b'\\u2614'
â™«,0.397,0.063,0.586,0.351,0.287,BEAMED EIGHTH NOTES,Miscellaneous Symbols,b'\\u266b'
âœ“,0.628,0.115,0.483,0.402,0.287,CHECK MARK,Dingbats,b'\\u2713'
ğŸ¡,0.506,0.095,0.524,0.381,0.286,FERRIS WHEEL,Miscellaneous Symbols and Pictographs,b'\\U0001f3a1'
â¬†,0.606,0.048,0.619,0.333,0.286,UPWARDS BLACK ARROW,Miscellaneous Symbols and Arrows,b'\\u2b06'
ğŸ€,0.768,0.025,0.665,0.310,0.285,FOUR LEAF CLOVER,Miscellaneous Symbols and Pictographs,b'\\U0001f340'
â˜…,0.353,0.031,0.655,0.314,0.283,BLACK STAR,Miscellaneous Symbols,b'\\u2605'
ğŸ™,0.566,0.188,0.344,0.469,0.281,RICE BALL,Miscellaneous Symbols and Pictographs,b'\\U0001f359'
Â®,0.353,0.071,0.579,0.350,0.279,REGISTERED SIGN,Latin-1 Supplement,b'\\xae'
ğŸ¬,0.650,0.070,0.581,0.349,0.279,CLAPPER BOARD,Miscellaneous Symbols and Pictographs,b'\\U0001f3ac'
ğŸ„,0.826,0.167,0.389,0.444,0.278,COW,Miscellaneous Symbols and Pictographs,b'\\U0001f404'
ğŸ”,0.637,0.168,0.386,0.446,0.277,HAMBURGER,Miscellaneous Symbols and Pictographs,b'\\U0001f354'
ğŸš“,0.655,0.091,0.545,0.364,0.273,POLICE CAR,Transport and Map Symbols,b'\\U0001f693'
ğŸ”œ,0.606,0.182,0.364,0.455,0.273,SOON WITH RIGHTWARDS ARROW ABOVE,Miscellaneous Symbols and Pictographs,b'\\U0001f51c'
âŒ,0.613,0.254,0.220,0.525,0.271,CROSS MARK,Dingbats,b'\\u274c'
âœ”,0.565,0.127,0.476,0.397,0.270,HEAVY CHECK MARK,Dingbats,b'\\u2714'
â—€,0.221,0.038,0.654,0.308,0.269,BLACK LEFT-POINTING TRIANGLE,Geometric Shapes,b'\\u25c0'
ğŸ‡,0.584,0.231,0.269,0.500,0.269,GRAPES,Miscellaneous Symbols and Pictographs,b'\\U0001f347'
ğŸ˜®,0.774,0.183,0.366,0.452,0.269,FACE WITH OPEN MOUTH,Emoticons,b'\\U0001f62e'
ğŸ”®,0.333,0.035,0.663,0.302,0.267,CRYSTAL BALL,Miscellaneous Symbols and Pictographs,b'\\U0001f52e'
ğŸ‡§,0.595,0.100,0.533,0.367,0.267,REGIONAL INDICATOR SYMBOL LETTER B,Enclosed Alphanumeric Supplement,b'\\U0001f1e7'
ğŸ‡¬,0.582,0.100,0.533,0.367,0.267,REGIONAL INDICATOR SYMBOL LETTER G,Enclosed Alphanumeric Supplement,b'\\U0001f1ec'
ğŸ›,0.673,0.200,0.333,0.467,0.267,BUG,Miscellaneous Symbols and Pictographs,b'\\U0001f41b'
ğŸ˜ˆ,0.762,0.204,0.326,0.470,0.265,SMILING FACE WITH HORNS,Emoticons,b'\\U0001f608'
ğŸ¼,0.614,0.072,0.594,0.333,0.261,PANDA FACE,Miscellaneous Symbols and Pictographs,b'\\U0001f43c'
â—‰,0.047,0.026,0.692,0.282,0.256,FISHEYE,Geometric Shapes,b'\\u25c9'
ğŸ‘«,0.664,0.220,0.305,0.475,0.255,MAN AND WOMAN HOLDING HANDS,Miscellaneous Symbols and Pictographs,b'\\U0001f46b'
ğŸ€,0.807,0.209,0.328,0.463,0.254,BASKETBALL AND HOOP,Miscellaneous Symbols and Pictographs,b'\\U0001f3c0'
ğŸ’°,0.827,0.158,0.433,0.409,0.251,MONEY BAG,Miscellaneous Symbols and Pictographs,b'\\U0001f4b0'
â•”,0.310,0.063,0.625,0.313,0.250,BOX DRAWINGS DOUBLE DOWN AND RIGHT,Box Drawing,b'\\u2554'
ğŸ©,0.586,0.125,0.500,0.375,0.250,TOP HAT,Miscellaneous Symbols and Pictographs,b'\\U0001f3a9'
ğŸ“¶,0.930,0.125,0.500,0.375,0.250,ANTENNA WITH BARS,Miscellaneous Symbols and Pictographs,b'\\U0001f4f6'
â“‚,0.765,0.250,0.250,0.500,0.250,CIRCLED LATIN CAPITAL LETTER M,Enclosed Alphanumerics,b'\\u24c2'
ğŸ‘,0.739,0.250,0.250,0.500,0.250,PEACH,Miscellaneous Symbols and Pictographs,b'\\U0001f351'
ğŸ¥,0.648,0.167,0.417,0.417,0.250,HOSPITAL,Miscellaneous Symbols and Pictographs,b'\\U0001f3e5'
ğŸ“°,0.860,0.250,0.250,0.500,0.250,NEWSPAPER,Miscellaneous Symbols and Pictographs,b'\\U0001f4f0'
âœ‰,0.441,0.167,0.417,0.417,0.250,ENVELOPE,Dingbats,b'\\u2709'
ğŸ’»,0.489,0.071,0.607,0.321,0.250,PERSONAL COMPUTER,Miscellaneous Symbols and Pictographs,b'\\U0001f4bb'
ğŸ—¾,0.739,0.125,0.500,0.375,0.250,SILHOUETTE OF JAPAN,Miscellaneous Symbols and Pictographs,b'\\U0001f5fe'
â—‚,0.199,0.125,0.500,0.375,0.250,BLACK LEFT-POINTING SMALL TRIANGLE,Geometric Shapes,b'\\u25c2'
ğŸ¤,0.273,0.125,0.500,0.375,0.250,EUROPEAN POST OFFICE,Miscellaneous Symbols and Pictographs,b'\\U0001f3e4'
ğŸš‚,0.656,0.063,0.625,0.313,0.250,STEAM LOCOMOTIVE,Transport and Map Symbols,b'\\U0001f682'
ğŸ”¶,0.786,0.125,0.500,0.375,0.250,LARGE ORANGE DIAMOND,Miscellaneous Symbols and Pictographs,b'\\U0001f536'
ğŸ‘‡,0.557,0.144,0.464,0.392,0.247,WHITE DOWN POINTING BACKHAND INDEX,Miscellaneous Symbols and Pictographs,b'\\U0001f447'
â™¬,0.677,0.102,0.551,0.347,0.245,BEAMED SIXTEENTH NOTES,Miscellaneous Symbols,b'\\u266c'
ğŸ‹,0.743,0.171,0.415,0.415,0.244,LEMON,Miscellaneous Symbols and Pictographs,b'\\U0001f34b'
â˜•,0.685,0.140,0.475,0.384,0.244,HOT BEVERAGE,Miscellaneous Symbols,b'\\u2615'
ğŸ’²,0.794,0.030,0.697,0.273,0.242,HEAVY DOLLAR SIGN,Miscellaneous Symbols and Pictographs,b'\\U0001f4b2'
ğŸ“²,0.598,0.174,0.413,0.413,0.239,MOBILE PHONE WITH RIGHTWARDS ARROW AT LEFT,Miscellaneous Symbols and Pictographs,b'\\U0001f4f2'
ğŸŒ‚,0.785,0.143,0.476,0.381,0.238,CLOSED UMBRELLA,Miscellaneous Symbols and Pictographs,b'\\U0001f302'
â¥,0.440,0.048,0.667,0.286,0.238,ROTATED HEAVY BLACK HEART BULLET,Dingbats,b'\\u2765'
ğŸ‘œ,0.675,0.176,0.412,0.412,0.235,HANDBAG,Miscellaneous Symbols and Pictographs,b'\\U0001f45c'
ğŸ‘—,0.703,0.176,0.412,0.412,0.235,DRESS,Miscellaneous Symbols and Pictographs,b'\\U0001f457'
âš«,0.441,0.235,0.294,0.471,0.235,MEDIUM BLACK CIRCLE,Miscellaneous Symbols,b'\\u26ab'
ğŸ’¢,0.561,0.163,0.442,0.395,0.233,ANGER SYMBOL,Miscellaneous Symbols and Pictographs,b'\\U0001f4a2'
ğŸš¢,0.818,0.308,0.154,0.538,0.231,SHIP,Transport and Map Symbols,b'\\U0001f6a2'
â’,0.587,0.077,0.615,0.308,0.231,UPPER RIGHT SHADOWED WHITE SQUARE,Dingbats,b'\\u2752'
ğŸ“,0.795,0.138,0.492,0.369,0.231,MEMO,Miscellaneous Symbols and Pictographs,b'\\U0001f4dd'
ğŸ•,0.879,0.154,0.462,0.385,0.231,DOG,Miscellaneous Symbols and Pictographs,b'\\U0001f415'
ğŸš—,0.638,0.138,0.492,0.369,0.231,AUTOMOBILE,Transport and Map Symbols,b'\\U0001f697'
ğŸ‡,0.967,0.192,0.385,0.423,0.231,RABBIT,Miscellaneous Symbols and Pictographs,b'\\U0001f407'
ğŸ‘´,0.784,0.231,0.308,0.462,0.231,OLDER MAN,Miscellaneous Symbols and Pictographs,b'\\U0001f474'
âœ’,0.544,0.154,0.462,0.385,0.231,BLACK NIB,Dingbats,b'\\u2712'
ğŸ‘»,0.741,0.170,0.433,0.398,0.228,GHOST,Miscellaneous Symbols and Pictographs,b'\\U0001f47b'
ğŸ‘Š,0.825,0.265,0.243,0.492,0.228,FISTED HAND SIGN,Miscellaneous Symbols and Pictographs,b'\\U0001f44a'
ğŸº,0.735,0.136,0.500,0.364,0.227,WOLF FACE,Miscellaneous Symbols and Pictographs,b'\\U0001f43a'
ğŸš,0.526,0.091,0.591,0.318,0.227,SPIRAL SHELL,Miscellaneous Symbols and Pictographs,b'\\U0001f41a'
ğŸ¡,0.867,0.111,0.556,0.333,0.222,BLOWFISH,Miscellaneous Symbols and Pictographs,b'\\U0001f421'
â—¡,0.947,0.111,0.556,0.333,0.222,LOWER HALF CIRCLE,Geometric Shapes,b'\\u25e1'
ğŸ‘¥,0.838,0.222,0.333,0.444,0.222,BUSTS IN SILHOUETTE,Miscellaneous Symbols and Pictographs,b'\\U0001f465'
ğŸ…°,0.311,0.222,0.333,0.444,0.222,NEGATIVE SQUARED LATIN CAPITAL LETTER A,Enclosed Alphanumeric Supplement,b'\\U0001f170'
ğŸª,0.608,0.111,0.556,0.333,0.222,CIRCUS TENT,Miscellaneous Symbols and Pictographs,b'\\U0001f3aa'
â—„,0.672,0.037,0.704,0.259,0.222,BLACK LEFT-POINTING POINTER,Geometric Shapes,b'\\u25c4'
ğŸ”ˆ,0.635,0.111,0.556,0.333,0.222,SPEAKER,Miscellaneous Symbols and Pictographs,b'\\U0001f508'
ğŸ“¡,0.554,0.222,0.333,0.444,0.222,SATELLITE ANTENNA,Miscellaneous Symbols and Pictographs,b'\\U0001f4e1'
ğŸ‘·,0.739,0.222,0.333,0.444,0.222,CONSTRUCTION WORKER,Miscellaneous Symbols and Pictographs,b'\\U0001f477'
ğŸ˜‚,0.805,0.247,0.285,0.468,0.221,FACE WITH TEARS OF JOY,Emoticons,b'\\U0001f602'
ğŸ’†,0.814,0.263,0.253,0.484,0.221,FACE MASSAGE,Miscellaneous Symbols and Pictographs,b'\\U0001f486'
â–¸,0.517,0.031,0.719,0.250,0.219,BLACK RIGHT-POINTING SMALL TRIANGLE,Geometric Shapes,b'\\u25b8'
ğŸ¨,0.657,0.273,0.242,0.485,0.212,ICE CREAM,Miscellaneous Symbols and Pictographs,b'\\U0001f368'
ğŸ,0.735,0.158,0.474,0.368,0.211,HONEYBEE,Miscellaneous Symbols and Pictographs,b'\\U0001f41d'
â–¶,0.498,0.060,0.672,0.269,0.209,BLACK RIGHT-POINTING TRIANGLE,Geometric Shapes,b'\\u25b6'
â• ,0.543,0.034,0.724,0.241,0.207,BOX DRAWINGS DOUBLE VERTICAL AND RIGHT,Box Drawing,b'\\u2560'
ğŸ’­,0.688,0.175,0.444,0.381,0.206,THOUGHT BALLOON,Miscellaneous Symbols and Pictographs,b'\\U0001f4ad'
ğŸ¢,0.622,0.175,0.450,0.375,0.200,TURTLE,Miscellaneous Symbols and Pictographs,b'\\U0001f422'
ğŸ¨,0.803,0.100,0.600,0.300,0.200,HOTEL,Miscellaneous Symbols and Pictographs,b'\\U0001f3e8'
ğŸ†“,0.551,0.067,0.667,0.267,0.200,SQUARED FREE,Enclosed Alphanumeric Supplement,b'\\U0001f193'
ğŸ”¸,0.172,0.100,0.600,0.300,0.200,SMALL ORANGE DIAMOND,Miscellaneous Symbols and Pictographs,b'\\U0001f538'
â˜»,0.808,0.200,0.400,0.400,0.200,BLACK SMILING FACE,Miscellaneous Symbols,b'\\u263b'
ğŸ‹,0.866,0.200,0.400,0.400,0.200,WHALE,Miscellaneous Symbols and Pictographs,b'\\U0001f40b'
âŒš,0.649,0.150,0.500,0.350,0.200,WATCH,Miscellaneous Technical,b'\\u231a'
ğŸ’º,0.500,0.200,0.400,0.400,0.200,SEAT,Miscellaneous Symbols and Pictographs,b'\\U0001f4ba'
â•,0.862,0.200,0.400,0.400,0.200,WHITE EXCLAMATION MARK ORNAMENT,Dingbats,b'\\u2755'
ğŸ‘’,0.844,0.200,0.400,0.400,0.200,WOMANS HAT,Miscellaneous Symbols and Pictographs,b'\\U0001f452'
â•©,0.811,0.040,0.720,0.240,0.200,BOX DRAWINGS DOUBLE UP AND HORIZONTAL,Box Drawing,b'\\u2569'
â–ª,0.145,0.099,0.605,0.296,0.198,BLACK SMALL SQUARE,Geometric Shapes,b'\\u25aa'
â˜¼,0.461,0.065,0.674,0.261,0.196,WHITE SUN WITH RAYS,Miscellaneous Symbols,b'\\u263c'
ğŸ˜¬,0.794,0.267,0.272,0.461,0.194,GRIMACING FACE,Emoticons,b'\\U0001f62c'
ğŸ”™,0.144,0.115,0.577,0.308,0.192,BACK WITH LEFTWARDS ARROW ABOVE,Miscellaneous Symbols and Pictographs,b'\\U0001f519'
ğŸŒµ,0.670,0.269,0.269,0.462,0.192,CACTUS,Miscellaneous Symbols and Pictographs,b'\\U0001f335'
ğŸ˜±,0.773,0.264,0.282,0.454,0.190,FACE SCREAMING IN FEAR,Emoticons,b'\\U0001f631'
ğŸšŒ,0.636,0.143,0.524,0.333,0.190,BUS,Transport and Map Symbols,b'\\U0001f68c'
ğŸŒ,0.718,0.162,0.486,0.351,0.189,FULL MOON WITH FACE,Miscellaneous Symbols and Pictographs,b'\\U0001f31d'
â™›,0.490,0.156,0.500,0.344,0.188,BLACK CHESS QUEEN,Miscellaneous Symbols,b'\\u265b'
ğŸ““,0.835,0.182,0.455,0.364,0.182,NOTEBOOK,Miscellaneous Symbols and Pictographs,b'\\U0001f4d3'
ğŸ“•,0.688,0.182,0.455,0.364,0.182,CLOSED BOOK,Miscellaneous Symbols and Pictographs,b'\\U0001f4d5'
ğŸ”’,0.939,0.273,0.273,0.455,0.182,LOCK,Miscellaneous Symbols and Pictographs,b'\\U0001f512'
â˜‰,0.986,0.091,0.636,0.273,0.182,SUN,Miscellaneous Symbols,b'\\u2609'
ğŸ˜…,0.828,0.292,0.237,0.471,0.178,SMILING FACE WITH OPEN MOUTH AND COLD SWEAT,Emoticons,b'\\U0001f605'
âš¡,0.779,0.044,0.735,0.221,0.177,HIGH VOLTAGE SIGN,Miscellaneous Symbols,b'\\u26a1'
â”,0.540,0.094,0.635,0.270,0.176,BOX DRAWINGS HEAVY HORIZONTAL,Box Drawing,b'\\u2501'
â—,0.561,0.132,0.559,0.309,0.176,BLACK CIRCLE,Geometric Shapes,b'\\u25cf'
ğŸŒ,0.744,0.118,0.588,0.294,0.176,FOGGY,Miscellaneous Symbols and Pictographs,b'\\U0001f301'
ğŸ,0.291,0.059,0.706,0.235,0.176,WIND CHIME,Miscellaneous Symbols and Pictographs,b'\\U0001f390'
ğŸ“–,0.710,0.268,0.296,0.437,0.169,OPEN BOOK,Miscellaneous Symbols and Pictographs,b'\\U0001f4d6'
ğŸšº,0.677,0.167,0.500,0.333,0.167,WOMENS SYMBOL,Transport and Map Symbols,b'\\U0001f6ba'
ğŸ¨,0.491,0.111,0.611,0.278,0.167,ARTIST PALETTE,Miscellaneous Symbols and Pictographs,b'\\U0001f3a8'
ğŸ“…,0.597,0.250,0.333,0.417,0.167,CALENDAR,Miscellaneous Symbols and Pictographs,b'\\U0001f4c5'
ğŸ”·,0.368,0.083,0.667,0.250,0.167,LARGE BLUE DIAMOND,Miscellaneous Symbols and Pictographs,b'\\U0001f537'
âœ,0.559,0.052,0.734,0.214,0.162,HEAVY ROUND-TIPPED RIGHTWARDS ARROW,Dingbats,b'\\u279c'
â–º,0.516,0.125,0.588,0.287,0.162,BLACK RIGHT-POINTING POINTER,Geometric Shapes,b'\\u25ba'
â•­,0.490,0.071,0.696,0.232,0.161,BOX DRAWINGS LIGHT ARC DOWN AND RIGHT,Box Drawing,b'\\u256d'
ğŸ’¸,0.790,0.246,0.348,0.406,0.159,MONEY WITH WINGS,Miscellaneous Symbols and Pictographs,b'\\U0001f4b8'
ğŸ,0.845,0.316,0.211,0.474,0.158,PEAR,Miscellaneous Symbols and Pictographs,b'\\U0001f350'
ğŸ¢,0.542,0.077,0.692,0.231,0.154,OFFICE BUILDING,Miscellaneous Symbols and Pictographs,b'\\U0001f3e2'
ğŸ‰,0.628,0.077,0.692,0.231,0.154,DRAGON,Miscellaneous Symbols and Pictographs,b'\\U0001f409'
â›½,0.287,0.061,0.727,0.212,0.152,FUEL PUMP,Miscellaneous Symbols,b'\\u26fd'
ğŸ«,0.793,0.291,0.266,0.443,0.152,CHOCOLATE BAR,Miscellaneous Symbols and Pictographs,b'\\U0001f36b'
ğŸ–,0.814,0.050,0.750,0.200,0.150,PIG,Miscellaneous Symbols and Pictographs,b'\\U0001f416'
ğŸ’¥,0.587,0.072,0.708,0.220,0.148,COLLISION SYMBOL,Miscellaneous Symbols and Pictographs,b'\\U0001f4a5'
â¡,0.478,0.013,0.827,0.160,0.147,BLACK RIGHTWARDS ARROW,Dingbats,b'\\u27a1'
â•‘,0.568,0.013,0.829,0.158,0.145,BOX DRAWINGS DOUBLE VERTICAL,Box Drawing,b'\\u2551'
ğŸ‚,0.774,0.143,0.571,0.286,0.143,OX,Miscellaneous Symbols and Pictographs,b'\\U0001f402'
ğŸ€,0.701,0.143,0.571,0.286,0.143,RAT,Miscellaneous Symbols and Pictographs,b'\\U0001f400'
ğŸ˜¹,0.807,0.299,0.262,0.440,0.141,CAT FACE WITH TEARS OF JOY,Emoticons,b'\\U0001f639'
ğŸ™‡,0.794,0.291,0.279,0.430,0.140,PERSON BOWING DEEPLY,Emoticons,b'\\U0001f647'
ğŸ‘§,0.649,0.256,0.349,0.395,0.140,GIRL,Miscellaneous Symbols and Pictographs,b'\\U0001f467'
â”€,0.711,0.020,0.820,0.160,0.140,BOX DRAWINGS LIGHT HORIZONTAL,Box Drawing,b'\\u2500'
ğŸ”¥,0.616,0.124,0.613,0.263,0.139,FIRE,Miscellaneous Symbols and Pictographs,b'\\U0001f525'
â¨,0.558,0.136,0.591,0.273,0.136,HEAVY CONCAVE-POINTED BLACK RIGHTWARDS ARROW,Dingbats,b'\\u27a8'
ğŸ”¹,0.170,0.200,0.467,0.333,0.133,SMALL BLUE DIAMOND,Miscellaneous Symbols and Pictographs,b'\\U0001f539'
ğŸ‘¦,0.606,0.200,0.467,0.333,0.133,BOY,Miscellaneous Symbols and Pictographs,b'\\U0001f466'
ğŸŒ†,0.765,0.200,0.467,0.333,0.133,CITYSCAPE AT DUSK,Miscellaneous Symbols and Pictographs,b'\\U0001f306'
ğŸ³,0.656,0.217,0.435,0.348,0.130,SPOUTING WHALE,Miscellaneous Symbols and Pictographs,b'\\U0001f433'
ğŸ–,0.679,0.258,0.355,0.387,0.129,MEAT ON BONE,Miscellaneous Symbols and Pictographs,b'\\U0001f356'
â•®,0.423,0.109,0.655,0.236,0.127,BOX DRAWINGS LIGHT ARC DOWN AND LEFT,Box Drawing,b'\\u256e'
âœ‹,0.838,0.328,0.218,0.454,0.126,RAISED HAND,Dingbats,b'\\u270b'
ğŸ…,0.819,0.125,0.625,0.250,0.125,TIGER,Miscellaneous Symbols and Pictographs,b'\\U0001f405'
ğŸ›€,0.904,0.292,0.292,0.417,0.125,BATH,Transport and Map Symbols,b'\\U0001f6c0'
â™®,0.937,0.125,0.625,0.250,0.125,MUSIC NATURAL SIGN,Miscellaneous Symbols,b'\\u266e'
ğŸ”©,0.673,0.250,0.375,0.375,0.125,NUT AND BOLT,Miscellaneous Symbols and Pictographs,b'\\U0001f529'
â™‚,0.580,0.125,0.625,0.250,0.125,MALE SIGN,Miscellaneous Symbols,b'\\u2642'
ğŸ²,0.673,0.250,0.375,0.375,0.125,POT OF FOOD,Miscellaneous Symbols and Pictographs,b'\\U0001f372'
ğŸ“—,0.789,0.250,0.375,0.375,0.125,GREEN BOOK,Miscellaneous Symbols and Pictographs,b'\\U0001f4d7'
ğŸš,0.510,0.125,0.625,0.250,0.125,HELICOPTER,Transport and Map Symbols,b'\\U0001f681'
â›ª,0.387,0.188,0.500,0.313,0.125,CHURCH,Miscellaneous Symbols,b'\\u26ea'
ğŸŒ„,0.286,0.125,0.625,0.250,0.125,SUNRISE OVER MOUNTAINS,Miscellaneous Symbols and Pictographs,b'\\U0001f304'
ğŸ˜¯,0.859,0.262,0.354,0.385,0.123,HUSHED FACE,Emoticons,b'\\U0001f62f'
ğŸ˜¥,0.882,0.317,0.244,0.439,0.122,DISAPPOINTED BUT RELIEVED FACE,Emoticons,b'\\U0001f625'
ğŸ½,0.648,0.240,0.400,0.360,0.120,PIG NOSE,Miscellaneous Symbols and Pictographs,b'\\U0001f43d'
ğŸ’¯,0.872,0.281,0.317,0.402,0.120,HUNDRED POINTS SYMBOL,Miscellaneous Symbols and Pictographs,b'\\U0001f4af'
â‡§,0.461,0.059,0.765,0.176,0.118,UPWARDS WHITE ARROW,Arrows,b'\\u21e7'
ğŸ,0.564,0.283,0.317,0.400,0.117,SPAGHETTI,Miscellaneous Symbols and Pictographs,b'\\U0001f35d'
Â©,0.740,0.131,0.621,0.248,0.117,COPYRIGHT SIGN,Latin-1 Supplement,b'\\xa9'
â˜,0.725,0.016,0.852,0.131,0.115,WHITE RIGHT POINTING INDEX,Miscellaneous Symbols,b'\\u261e'
ğŸ¯,0.530,0.111,0.667,0.222,0.111,JAPANESE CASTLE,Miscellaneous Symbols and Pictographs,b'\\U0001f3ef'
ğŸ“,0.489,0.222,0.444,0.333,0.111,ROUND PUSHPIN,Miscellaneous Symbols and Pictographs,b'\\U0001f4cd'
â©,0.732,0.111,0.667,0.222,0.111,BLACK RIGHT-POINTING DOUBLE TRIANGLE,Miscellaneous Technical,b'\\u23e9'
ğŸ“µ,0.794,0.222,0.444,0.333,0.111,NO MOBILE PHONES,Miscellaneous Symbols and Pictographs,b'\\U0001f4f5'
â•¥,0.869,0.368,0.158,0.474,0.105,BOX DRAWINGS DOWN DOUBLE AND HORIZONTAL SINGLE,Box Drawing,b'\\u2565'
ğŸŒ€,0.553,0.159,0.580,0.261,0.101,CYCLONE,Miscellaneous Symbols and Pictographs,b'\\U0001f300'
â˜‘,0.690,0.022,0.855,0.123,0.101,BALLOT BOX WITH CHECK,Miscellaneous Symbols,b'\\u2611'
â—,0.620,0.159,0.582,0.259,0.100,HEAVY EXCLAMATION MARK SYMBOL,Dingbats,b'\\u2757'
âŒ›,0.797,0.300,0.300,0.400,0.100,HOURGLASS,Miscellaneous Technical,b'\\u231b'
ğŸ‘±,0.584,0.200,0.500,0.300,0.100,PERSON WITH BLOND HAIR,Miscellaneous Symbols and Pictographs,b'\\U0001f471'
â†ª,0.727,0.091,0.727,0.182,0.091,RIGHTWARDS ARROW WITH HOOK,Arrows,b'\\u21aa'
ğŸ“€,0.843,0.182,0.545,0.273,0.091,DVD,Miscellaneous Symbols and Pictographs,b'\\U0001f4c0'
ï¿½,0.113,0.166,0.581,0.253,0.086,REPLACEMENT CHARACTER,Specials,b'\\ufffd'
ğŸ˜µ,0.809,0.321,0.274,0.406,0.085,DIZZY FACE,Emoticons,b'\\U0001f635'
â–¼,0.657,0.250,0.417,0.333,0.083,BLACK DOWN-POINTING TRIANGLE,Geometric Shapes,b'\\u25bc'
ğŸš¦,0.454,0.250,0.417,0.333,0.083,VERTICAL TRAFFIC LIGHT,Transport and Map Symbols,b'\\U0001f6a6'
ğŸ”“,0.803,0.333,0.250,0.417,0.083,OPEN LOCK,Miscellaneous Symbols and Pictographs,b'\\U0001f513'
ğŸƒ,0.686,0.333,0.250,0.417,0.083,PLAYING CARD BLACK JOKER,Playing Cards,b'\\U0001f0cf'
ğŸŠ,0.846,0.231,0.462,0.308,0.077,CROCODILE,Miscellaneous Symbols and Pictographs,b'\\U0001f40a'
ğŸ˜Ÿ,0.824,0.349,0.229,0.422,0.072,WORRIED FACE,Emoticons,b'\\U0001f61f'
ğŸš,0.660,0.357,0.214,0.429,0.071,ONCOMING BUS,Transport and Map Symbols,b'\\U0001f68d'
ğŸ†˜,0.775,0.357,0.214,0.429,0.071,SQUARED SOS,Enclosed Alphanumeric Supplement,b'\\U0001f198'
ğŸš‘,0.758,0.286,0.357,0.357,0.071,AMBULANCE,Transport and Map Symbols,b'\\U0001f691'
ğŸ´,0.796,0.209,0.512,0.279,0.070,HORSE FACE,Miscellaneous Symbols and Pictographs,b'\\U0001f434'
ğŸ”ª,0.764,0.210,0.511,0.280,0.070,HOCHO,Miscellaneous Symbols and Pictographs,b'\\U0001f52a'
â“,0.615,0.182,0.568,0.250,0.068,BLACK QUESTION MARK ORNAMENT,Dingbats,b'\\u2753'
ğŸª,0.374,0.200,0.533,0.267,0.067,CONVENIENCE STORE,Miscellaneous Symbols and Pictographs,b'\\U0001f3ea'
ğŸ‘©,0.732,0.333,0.267,0.400,0.067,WOMAN,Miscellaneous Symbols and Pictographs,b'\\U0001f469'
ğŸ”±,0.791,0.267,0.400,0.333,0.067,TRIDENT EMBLEM,Miscellaneous Symbols and Pictographs,b'\\U0001f531'
ğŸš˜,0.650,0.300,0.333,0.367,0.067,ONCOMING AUTOMOBILE,Transport and Map Symbols,b'\\U0001f698'
ğŸ,0.852,0.267,0.400,0.333,0.067,GREEN APPLE,Miscellaneous Symbols and Pictographs,b'\\U0001f34f'
ğŸš‹,0.318,0.067,0.800,0.133,0.067,TRAM CAR,Transport and Map Symbols,b'\\U0001f68b'
â˜·,0.012,0.019,0.898,0.083,0.064,TRIGRAM FOR EARTH,Miscellaneous Symbols,b'\\u2637'
ğŸ‘€,0.759,0.228,0.482,0.291,0.063,EYES,Miscellaneous Symbols and Pictographs,b'\\U0001f440'
ğŸ—,0.675,0.313,0.313,0.375,0.063,POULTRY LEG,Miscellaneous Symbols and Pictographs,b'\\U0001f357'
âœ¦,0.402,0.063,0.813,0.125,0.063,BLACK FOUR POINTED STAR,Dingbats,b'\\u2726'
ğŸ‘¹,0.701,0.269,0.404,0.327,0.058,JAPANESE OGRE,Miscellaneous Symbols and Pictographs,b'\\U0001f479'
â,0.493,0.028,0.889,0.083,0.056,EIGHT PETALLED OUTLINED BLACK FLORETTE,Dingbats,b'\\u2741'
â›²,0.697,0.111,0.722,0.167,0.056,FOUNTAIN,Miscellaneous Symbols,b'\\u26f2'
ğŸ¤,0.513,0.184,0.579,0.237,0.053,FRIED SHRIMP,Miscellaneous Symbols and Pictographs,b'\\U0001f364'
â €,0.378,0.163,0.628,0.209,0.047,BRAILLE PATTERN BLANK,Braille Patterns,b'\\u2800'
ğŸ¯,0.780,0.364,0.227,0.409,0.045,HONEY POT,Miscellaneous Symbols and Pictographs,b'\\U0001f36f'
ğŸ,0.711,0.292,0.375,0.333,0.042,BREAD,Miscellaneous Symbols and Pictographs,b'\\U0001f35e'
â™š,0.389,0.020,0.918,0.061,0.041,BLACK CHESS KING,Miscellaneous Symbols,b'\\u265a'
ğŸ›,0.585,0.346,0.269,0.385,0.038,CURRY AND RICE,Miscellaneous Symbols and Pictographs,b'\\U0001f35b'
ğŸ“’,0.474,0.010,0.943,0.048,0.038,LEDGER,Miscellaneous Symbols and Pictographs,b'\\U0001f4d2'
ğŸš™,0.653,0.214,0.536,0.250,0.036,RECREATIONAL VEHICLE,Transport and Map Symbols,b'\\U0001f699'
ğŸ“,0.491,0.109,0.755,0.137,0.028,ROOSTER,Miscellaneous Symbols and Pictographs,b'\\U0001f413'
ğŸ³,0.798,0.389,0.194,0.417,0.028,COOKING,Miscellaneous Symbols and Pictographs,b'\\U0001f373'
ğŸ˜,0.722,0.233,0.512,0.256,0.023,ELEPHANT,Miscellaneous Symbols and Pictographs,b'\\U0001f418'
ğŸ˜³,0.797,0.327,0.327,0.345,0.018,FLUSHED FACE,Emoticons,b'\\U0001f633'
â•,0.441,0.015,0.954,0.031,0.015,BOX DRAWINGS DOUBLE HORIZONTAL,Box Drawing,b'\\u2550'
â–“,0.658,0.032,0.925,0.043,0.011,DARK SHADE,Block Elements,b'\\u2593'
ğŸ˜¢,0.814,0.384,0.225,0.391,0.007,CRYING FACE,Emoticons,b'\\U0001f622'
ğŸ’£,0.847,0.306,0.381,0.313,0.007,BOMB,Miscellaneous Symbols and Pictographs,b'\\U0001f4a3'
â˜¯,0.384,0.006,0.987,0.007,0.001,YIN YANG,Miscellaneous Symbols,b'\\u262f'
ğŸš”,0.522,0.222,0.556,0.222,0.000,ONCOMING POLICE CAR,Transport and Map Symbols,b'\\U0001f694'
â†³,0.346,0.111,0.778,0.111,0.000,DOWNWARDS ARROW WITH TIP RIGHTWARDS,Arrows,b'\\u21b3'
â˜„,0.435,0.125,0.750,0.125,0.000,COMET,Miscellaneous Symbols,b'\\u2604'
â”¼,0.595,0.273,0.455,0.273,0.000,BOX DRAWINGS LIGHT VERTICAL AND HORIZONTAL,Box Drawing,b'\\u253c'
â—,0.723,0.250,0.500,0.250,0.000,LOWER RIGHT QUADRANT CIRCULAR ARC,Geometric Shapes,b'\\u25de'
ğŸ”„,0.971,0.125,0.750,0.125,0.000,ANTICLOCKWISE DOWNWARDS AND UPWARDS OPEN CIRCLE ARROWS,Miscellaneous Symbols and Pictographs,b'\\U0001f504'
â˜‚,0.453,0.222,0.556,0.222,0.000,UMBRELLA,Miscellaneous Symbols,b'\\u2602'
â˜¾,0.453,0.111,0.778,0.111,0.000,LAST QUARTER MOON,Miscellaneous Symbols,b'\\u263e'
Û,0.472,0.111,0.778,0.111,0.000,ARABIC START OF RUB EL HIZB,Arabic,b'\\u06de'
â˜®,0.750,0.375,0.250,0.375,0.000,PEACE SYMBOL,Miscellaneous Symbols,b'\\u262e'
ğŸƒ,0.830,0.091,0.818,0.091,0.000,WATER BUFFALO,Miscellaneous Symbols and Pictographs,b'\\U0001f403'
ğŸ„,0.482,0.273,0.455,0.273,0.000,MUSHROOM,Miscellaneous Symbols and Pictographs,b'\\U0001f344'
ğŸ“¥,0.982,0.111,0.778,0.111,0.000,INBOX TRAY,Miscellaneous Symbols and Pictographs,b'\\U0001f4e5'
ğŸš¥,0.724,0.250,0.500,0.250,0.000,HORIZONTAL TRAFFIC LIGHT,Transport and Map Symbols,b'\\U0001f6a5'
ğŸ”¦,0.853,0.125,0.750,0.125,0.000,ELECTRIC TORCH,Miscellaneous Symbols and Pictographs,b'\\U0001f526'
â³,0.829,0.400,0.200,0.400,0.000,HOURGLASS WITH FLOWING SAND,Miscellaneous Technical,b'\\u23f3'
â˜¨,0.458,0.125,0.750,0.125,0.000,CROSS OF LORRAINE,Miscellaneous Symbols,b'\\u2628'
ğŸ’¶,0.748,0.160,0.680,0.160,0.000,BANKNOTE WITH EURO SIGN,Miscellaneous Symbols and Pictographs,b'\\U0001f4b6'
â”,0.787,0.333,0.333,0.333,0.000,WHITE QUESTION MARK ORNAMENT,Dingbats,b'\\u2754'
â•±,0.548,0.059,0.882,0.059,0.000,BOX DRAWINGS LIGHT DIAGONAL UPPER RIGHT TO LOWER LEFT,Box Drawing,b'\\u2571'
â˜,0.837,0.176,0.647,0.176,0.000,BLACK TELEPHONE,Miscellaneous Symbols,b'\\u260e'
âœ³,0.372,0.071,0.857,0.071,0.000,EIGHT SPOKED ASTERISK,Dingbats,b'\\u2733'
âŠ,0.452,0.053,0.895,0.053,0.000,EIGHT TEARDROP-SPOKED PROPELLER ASTERISK,Dingbats,b'\\u274a'
Û©,0.464,0.067,0.867,0.067,0.000,ARABIC PLACE OF SAJDAH,Arabic,b'\\u06e9'
ğŸ ,0.939,0.400,0.200,0.400,0.000,ROASTED SWEET POTATO,Miscellaneous Symbols and Pictographs,b'\\U0001f360'
ğŸ­,0.658,0.333,0.333,0.333,0.000,PERFORMING ARTS,Miscellaneous Symbols and Pictographs,b'\\U0001f3ad'
âœ¯,0.321,0.083,0.833,0.083,0.000,PINWHEEL STAR,Dingbats,b'\\u272f'
â–,0.711,0.056,0.889,0.056,0.000,LOWER ONE EIGHTH BLOCK,Block Elements,b'\\u2581'
â–‚,0.579,0.067,0.867,0.067,0.000,LOWER ONE QUARTER BLOCK,Block Elements,b'\\u2582'
â•£,0.642,0.083,0.833,0.083,0.000,BOX DRAWINGS DOUBLE VERTICAL AND LEFT,Box Drawing,b'\\u2563'
ğŸš•,0.526,0.235,0.529,0.235,0.000,TAXI,Transport and Map Symbols,b'\\U0001f695'
â‡©,0.504,0.063,0.875,0.063,0.000,DOWNWARDS WHITE ARROW,Arrows,b'\\u21e9'
âœ©,0.266,0.083,0.833,0.083,0.000,STRESS OUTLINED WHITE STAR,Dingbats,b'\\u2729'
â˜,0.538,0.778,0.111,0.111,-0.667,BALLOT BOX,Miscellaneous Symbols,b'\\u2610'
ğŸ¥,0.580,0.719,0.156,0.125,-0.594,FISH CAKE WITH SWIRL DESIGN,Miscellaneous Symbols and Pictographs,b'\\U0001f365'
â”ˆ,0.793,0.765,0.059,0.176,-0.588,BOX DRAWINGS LIGHT QUADRUPLE DASH HORIZONTAL,Box Drawing,b'\\u2508'
ğŸ‘¿,0.911,0.658,0.219,0.123,-0.534,IMP,Miscellaneous Symbols and Pictographs,b'\\U0001f47f'
â˜¹,0.777,0.652,0.217,0.130,-0.522,WHITE FROWNING FACE,Miscellaneous Symbols,b'\\u2639'
ğŸ”‹,0.583,0.622,0.243,0.135,-0.486,BATTERY,Miscellaneous Symbols and Pictographs,b'\\U0001f50b'
ï¿¼,0.309,0.536,0.405,0.060,-0.476,OBJECT REPLACEMENT CHARACTER,Specials,b'\\ufffc'
âœ‚,0.810,0.574,0.311,0.115,-0.459,BLACK SCISSORS,Dingbats,b'\\u2702'
ğŸš«,0.703,0.538,0.363,0.099,-0.440,NO ENTRY SIGN,Transport and Map Symbols,b'\\U0001f6ab'
ğŸ“Œ,0.799,0.600,0.200,0.200,-0.400,PUSHPIN,Miscellaneous Symbols and Pictographs,b'\\U0001f4cc'
ğŸ˜•,0.857,0.601,0.195,0.204,-0.397,CONFUSED FACE,Emoticons,b'\\U0001f615'
ğŸ˜,0.883,0.553,0.282,0.165,-0.388,NEUTRAL FACE,Emoticons,b'\\U0001f610'
ğŸ”§,0.677,0.625,0.125,0.250,-0.375,WRENCH,Miscellaneous Symbols and Pictographs,b'\\U0001f527'
ğŸ˜’,0.858,0.591,0.192,0.217,-0.374,UNAMUSED FACE,Emoticons,b'\\U0001f612'
ğŸ˜¿,0.812,0.577,0.219,0.204,-0.372,CRYING CAT FACE,Emoticons,b'\\U0001f63f'
ğŸ˜¦,0.882,0.544,0.281,0.175,-0.368,FROWNING FACE WITH OPEN MOUTH,Emoticons,b'\\U0001f626'
ğŸ˜©,0.826,0.591,0.186,0.223,-0.368,WEARY FACE,Emoticons,b'\\U0001f629'
â”»,0.436,0.636,0.091,0.273,-0.364,BOX DRAWINGS HEAVY UP AND HORIZONTAL,Box Drawing,b'\\u253b'
â”³,0.399,0.478,0.391,0.130,-0.348,BOX DRAWINGS HEAVY DOWN AND HORIZONTAL,Box Drawing,b'\\u2533'
ğŸ‘®,0.742,0.478,0.391,0.130,-0.348,POLICE OFFICER,Miscellaneous Symbols and Pictographs,b'\\U0001f46e'
ğŸˆ,0.521,0.583,0.167,0.250,-0.333,MELON,Miscellaneous Symbols and Pictographs,b'\\U0001f348'
ğŸ˜¾,0.915,0.583,0.167,0.250,-0.333,POUTING CAT FACE,Emoticons,b'\\U0001f63e'
ğŸ™,0.845,0.577,0.173,0.250,-0.327,PERSON FROWNING,Emoticons,b'\\U0001f64d'
ğŸ±,0.580,0.542,0.229,0.229,-0.313,BENTO BOX,Miscellaneous Symbols and Pictographs,b'\\U0001f371'
ğŸ˜‘,0.844,0.513,0.285,0.202,-0.311,EXPRESSIONLESS FACE,Emoticons,b'\\U0001f611'
ğŸ˜ ,0.849,0.564,0.172,0.265,-0.299,ANGRY FACE,Emoticons,b'\\U0001f620'
ğŸ,0.419,0.375,0.500,0.125,-0.250,MOUSE,Miscellaneous Symbols and Pictographs,b'\\U0001f401'
â–Œ,0.421,0.417,0.417,0.167,-0.250,LEFT HALF BLOCK,Block Elements,b'\\u258c'
â– ,0.790,0.500,0.250,0.250,-0.250,BLACK SQUARE,Geometric Shapes,b'\\u25a0'
ğŸ£,0.670,0.446,0.339,0.214,-0.232,SUSHI,Miscellaneous Symbols and Pictographs,b'\\U0001f363'
ğŸ«,0.644,0.538,0.154,0.308,-0.231,SCHOOL,Miscellaneous Symbols and Pictographs,b'\\U0001f3eb'
â–¡,0.674,0.571,0.071,0.357,-0.214,WHITE SQUARE,Geometric Shapes,b'\\u25a1'
ğŸ˜£,0.903,0.540,0.131,0.328,-0.212,PERSEVERING FACE,Emoticons,b'\\U0001f623'
ğŸ˜¤,0.884,0.479,0.252,0.270,-0.209,FACE WITH LOOK OF TRIUMPH,Emoticons,b'\\U0001f624'
ğŸ’€,0.739,0.468,0.270,0.261,-0.207,SKULL,Miscellaneous Symbols and Pictographs,b'\\U0001f480'
ğŸ™…,0.839,0.458,0.286,0.256,-0.202,FACE WITH NO GOOD GESTURE,Emoticons,b'\\U0001f645'
ğŸš©,0.147,0.400,0.400,0.200,-0.200,TRIANGULAR FLAG ON POST,Transport and Map Symbols,b'\\U0001f6a9'
ğŸ”«,0.894,0.493,0.209,0.298,-0.194,PISTOL,Miscellaneous Symbols and Pictographs,b'\\U0001f52b'
ğŸ‘,0.914,0.494,0.199,0.307,-0.188,THUMBS DOWN SIGN,Miscellaneous Symbols and Pictographs,b'\\U0001f44e'
ğŸ’´,0.837,0.364,0.455,0.182,-0.182,BANKNOTE WITH YEN SIGN,Miscellaneous Symbols and Pictographs,b'\\U0001f4b4'
ğŸš›,0.552,0.273,0.636,0.091,-0.182,ARTICULATED LORRY,Transport and Map Symbols,b'\\U0001f69b'
ğŸ‘º,0.825,0.409,0.364,0.227,-0.182,JAPANESE GOBLIN,Miscellaneous Symbols and Pictographs,b'\\U0001f47a'
ğŸ˜¡,0.862,0.532,0.108,0.360,-0.173,POUTING FACE,Emoticons,b'\\U0001f621'
ğŸ˜·,0.840,0.474,0.221,0.305,-0.169,FACE WITH MEDICAL MASK,Emoticons,b'\\U0001f637'
ğŸ‘,0.922,0.292,0.583,0.125,-0.167,SHEEP,Miscellaneous Symbols and Pictographs,b'\\U0001f411'
ğŸ’§,0.768,0.477,0.205,0.318,-0.159,DROPLET,Miscellaneous Symbols and Pictographs,b'\\U0001f4a7'
ğŸ˜–,0.869,0.483,0.188,0.328,-0.155,CONFOUNDED FACE,Emoticons,b'\\U0001f616'
ğŸ’‚,0.691,0.450,0.250,0.300,-0.150,GUARDSMAN,Miscellaneous Symbols and Pictographs,b'\\U0001f482'
ğŸ˜”,0.866,0.464,0.219,0.318,-0.146,PENSIVE FACE,Emoticons,b'\\U0001f614'
ğŸ˜«,0.840,0.485,0.174,0.340,-0.145,TIRED FACE,Emoticons,b'\\U0001f62b'
ğŸš¶,0.797,0.377,0.390,0.234,-0.143,PEDESTRIAN,Transport and Map Symbols,b'\\U0001f6b6'
â–€,0.250,0.314,0.514,0.171,-0.143,UPPER HALF BLOCK,Block Elements,b'\\u2580'
ğŸ˜¶,0.869,0.425,0.292,0.283,-0.142,FACE WITHOUT MOUTH,Emoticons,b'\\U0001f636'
ğŸ˜¨,0.814,0.434,0.272,0.294,-0.140,FEARFUL FACE,Emoticons,b'\\U0001f628'
â•¬,0.322,0.318,0.500,0.182,-0.136,BOX DRAWINGS DOUBLE VERTICAL AND HORIZONTAL,Box Drawing,b'\\u256c'
ğŸ‘‚,0.682,0.364,0.409,0.227,-0.136,EAR,Miscellaneous Symbols and Pictographs,b'\\U0001f442'
â–,0.304,0.217,0.696,0.087,-0.130,RIGHT HALF BLOCK,Block Elements,b'\\u2590'
ğŸ…¾,0.977,0.375,0.375,0.250,-0.125,NEGATIVE SQUARED LATIN CAPITAL LETTER O,Enclosed Alphanumeric Supplement,b'\\U0001f17e'
â”,0.771,0.375,0.375,0.250,-0.125,BOX DRAWINGS LIGHT DOWN AND LEFT,Box Drawing,b'\\u2510'
ğŸ“¯,0.974,0.250,0.625,0.125,-0.125,POSTAL HORN,Miscellaneous Symbols and Pictographs,b'\\U0001f4ef'
ğŸ’”,0.836,0.414,0.293,0.293,-0.121,BROKEN HEART,Miscellaneous Symbols and Pictographs,b'\\U0001f494'
ğŸ®,0.701,0.440,0.240,0.320,-0.120,CUSTARD,Miscellaneous Symbols and Pictographs,b'\\U0001f36e'
â”,0.541,0.160,0.800,0.040,-0.120,HEAVY WIDE-HEADED RIGHTWARDS ARROW,Dingbats,b'\\u2794'
ğŸ˜,0.825,0.479,0.161,0.361,-0.118,DISAPPOINTED FACE,Emoticons,b'\\U0001f61e'
ğŸ’©,0.840,0.409,0.297,0.293,-0.116,PILE OF POO,Miscellaneous Symbols and Pictographs,b'\\U0001f4a9'
ğŸ¢,0.684,0.333,0.444,0.222,-0.111,ODEN,Miscellaneous Symbols and Pictographs,b'\\U0001f362'
ğŸ”¨,0.739,0.368,0.368,0.263,-0.105,HAMMER,Miscellaneous Symbols and Pictographs,b'\\U0001f528'
â™,0.855,0.300,0.500,0.200,-0.100,LIBRA,Miscellaneous Symbols,b'\\u264e'
ğŸ‡,0.829,0.400,0.300,0.300,-0.100,HORSE RACING,Miscellaneous Symbols and Pictographs,b'\\U0001f3c7'
â’¶,0.467,0.300,0.500,0.200,-0.100,CIRCLED LATIN CAPITAL LETTER A,Enclosed Alphanumerics,b'\\u24b6'
ğŸ˜­,0.803,0.436,0.220,0.343,-0.093,LOUDLY CRYING FACE,Emoticons,b'\\U0001f62d'
ğŸ”Œ,0.844,0.364,0.364,0.273,-0.091,ELECTRIC PLUG,Miscellaneous Symbols and Pictographs,b'\\U0001f50c'
â°,0.255,0.455,0.182,0.364,-0.091,CURLY LOOP,Dingbats,b'\\u27b0'
ğŸš–,0.800,0.333,0.417,0.250,-0.083,ONCOMING TAXI,Transport and Map Symbols,b'\\U0001f696'
ğŸ˜´,0.850,0.422,0.237,0.341,-0.080,SLEEPING FACE,Emoticons,b'\\U0001f634'
ğŸ¸,0.846,0.333,0.413,0.253,-0.080,FROG FACE,Miscellaneous Symbols and Pictographs,b'\\U0001f438'
ğŸ˜“,0.845,0.431,0.217,0.351,-0.080,FACE WITH COLD SWEAT,Emoticons,b'\\U0001f613'
ğŸ˜ª,0.858,0.431,0.219,0.351,-0.080,SLEEPY FACE,Emoticons,b'\\U0001f62a'
ğŸšš,0.479,0.231,0.615,0.154,-0.077,DELIVERY TRUCK,Transport and Map Symbols,b'\\U0001f69a'
â–„,0.464,0.321,0.429,0.250,-0.071,LOWER HALF BLOCK,Block Elements,b'\\u2584'
ğŸ˜²,0.854,0.386,0.295,0.318,-0.068,ASTONISHED FACE,Emoticons,b'\\U0001f632'
âš ,0.489,0.187,0.692,0.121,-0.066,WARNING SIGN,Miscellaneous Symbols,b'\\u26a0'
ğŸ˜§,0.775,0.389,0.284,0.326,-0.063,ANGUISHED FACE,Emoticons,b'\\U0001f627'
â•°,0.510,0.160,0.740,0.100,-0.060,BOX DRAWINGS LIGHT ARC UP AND RIGHT,Box Drawing,b'\\u2570'
ğŸ‘¬,0.622,0.353,0.353,0.294,-0.059,TWO MEN HOLDING HANDS,Miscellaneous Symbols and Pictographs,b'\\U0001f46c'
â—Ÿ,0.647,0.167,0.722,0.111,-0.056,LOWER LEFT QUADRANT CIRCULAR ARC,Geometric Shapes,b'\\u25df'
ğŸ²,0.458,0.158,0.737,0.105,-0.053,DRAGON FACE,Miscellaneous Symbols and Pictographs,b'\\U0001f432'
ğŸ™,0.641,0.450,0.150,0.400,-0.050,PERSON WITH POUTING FACE,Emoticons,b'\\U0001f64e'
ğŸ¡,0.700,0.286,0.476,0.238,-0.048,DANGO,Miscellaneous Symbols and Pictographs,b'\\U0001f361'
â–‘,0.439,0.234,0.577,0.189,-0.045,LIGHT SHADE,Block Elements,b'\\u2591'
ğŸ”,0.814,0.269,0.500,0.231,-0.038,NO ONE UNDER EIGHTEEN SYMBOL,Miscellaneous Symbols and Pictographs,b'\\U0001f51e'
âš¾,0.214,0.370,0.296,0.333,-0.037,BASEBALL,Miscellaneous Symbols,b'\\u26be'
â˜ ,0.749,0.267,0.500,0.233,-0.033,SKULL AND CROSSBONES,Miscellaneous Symbols,b'\\u2620'
â–ˆ,0.634,0.090,0.853,0.057,-0.032,FULL BLOCK,Block Elements,b'\\u2588'
â–’,0.501,0.091,0.848,0.061,-0.030,MEDIUM SHADE,Block Elements,b'\\u2592'
ğŸ‘,0.876,0.395,0.233,0.372,-0.023,OPEN HANDS SIGN,Miscellaneous Symbols and Pictographs,b'\\U0001f450'
ğŸ˜°,0.920,0.436,0.148,0.416,-0.020,FACE WITH OPEN MOUTH AND COLD SWEAT,Emoticons,b'\\U0001f630'
ğŸ‘ª,0.653,0.417,0.183,0.400,-0.017,FAMILY,Miscellaneous Symbols and Pictographs,b'\\U0001f46a'
â•¯,0.507,0.230,0.552,0.218,-0.011,BOX DRAWINGS LIGHT ARC UP AND LEFT,Box Drawing,b'\\u256f'
